dataset,hidden,lr,momentum,epochs,batch,seed,train_acc,val_acc,test_acc,best_epoch,test_TN,test_FP,test_FN,test_TP
Gaussian 2D Wide,8,0.1,0.9,2000,32,0,1.0,1.0,1.0,1997,8,0,0,12
Gaussian 2D Wide,8,0.1,0.9,2000,32,1,1.0,1.0,1.0,1988,12,0,0,8
Gaussian 2D Wide,8,0.1,0.9,2000,32,2,1.0,1.0,1.0,1998,10,0,0,10
Gaussian 2D Wide,8,0.1,0.9,2000,32,3,1.0,1.0,1.0,1988,8,0,0,12
Gaussian 2D Wide,8,0.1,0.9,2000,32,4,1.0,1.0,1.0,1990,8,0,0,12
Gaussian 2D Wide,8,0.1,0.9,2000,32,5,1.0,1.0,1.0,1916,9,0,0,11
Gaussian 2D Wide,8,0.1,0.9,2000,32,6,1.0,1.0,1.0,1844,13,0,0,7
Gaussian 2D Wide,8,0.1,0.9,2000,32,7,1.0,1.0,1.0,1807,9,0,0,11
Gaussian 2D Wide,8,0.1,0.9,2000,32,8,1.0,1.0,1.0,1956,11,0,0,9
Gaussian 2D Wide,8,0.1,0.9,2000,32,9,1.0,1.0,1.0,1999,10,0,0,10
Gaussian 2D Wide,8,0.1,0.9,2000,32,10,1.0,1.0,1.0,1973,9,0,0,11
Gaussian 2D Wide,8,0.1,0.9,2000,32,11,1.0,1.0,1.0,1977,13,0,0,7
Gaussian 2D Wide,8,0.1,0.9,2000,32,12,1.0,1.0,1.0,1968,9,0,0,11
Gaussian 2D Wide,8,0.1,0.9,2000,32,13,1.0,1.0,1.0,1998,12,0,0,8
Gaussian 2D Wide,8,0.1,0.9,2000,32,14,1.0,1.0,1.0,1985,12,0,0,8
Gaussian 2D Wide,8,0.1,0.9,2000,32,15,1.0,1.0,1.0,1983,9,0,0,11
Gaussian 2D Wide,8,0.1,0.9,2000,32,16,1.0,1.0,1.0,1993,10,0,0,10
Gaussian 2D Wide,8,0.1,0.9,2000,32,17,1.0,1.0,1.0,1989,13,0,0,7
Gaussian 2D Wide,8,0.1,0.9,2000,32,18,1.0,1.0,1.0,1988,11,0,0,9
Gaussian 2D Wide,8,0.1,0.9,2000,32,19,1.0,1.0,1.0,1995,11,0,0,9
Gaussian 2D Wide,8,0.1,0.9,2000,32,20,1.0,1.0,1.0,1931,11,0,0,9
Gaussian 2D Wide,8,0.1,0.9,2000,32,21,1.0,1.0,1.0,1663,8,0,0,12
Gaussian 2D Wide,8,0.1,0.9,2000,32,22,1.0,1.0,1.0,1975,13,0,0,7
Gaussian 2D Wide,8,0.1,0.9,2000,32,23,1.0,1.0,1.0,1998,11,0,0,9
Gaussian 2D Wide,8,0.1,0.9,2000,32,24,1.0,1.0,1.0,1957,11,0,0,9
Gaussian 2D Wide,8,0.1,0.9,2000,32,25,1.0,1.0,1.0,1751,10,0,0,10
Gaussian 2D Wide,8,0.1,0.9,2000,32,26,1.0,1.0,1.0,2000,12,0,0,8
Gaussian 2D Wide,8,0.1,0.9,2000,32,27,1.0,1.0,1.0,1993,10,0,0,10
Gaussian 2D Wide,8,0.1,0.9,2000,32,28,1.0,1.0,1.0,1488,9,0,0,11
Gaussian 2D Wide,8,0.1,0.9,2000,32,29,1.0,1.0,1.0,1894,8,0,0,12
Gaussian 2D Wide,8,0.1,0.9,2000,32,30,1.0,1.0,1.0,1969,12,0,0,8
Gaussian 2D Wide,8,0.1,0.9,2000,32,31,1.0,1.0,1.0,1959,7,0,0,13
Gaussian 2D Wide,8,0.1,0.9,2000,32,32,1.0,1.0,1.0,1986,11,0,0,9
Gaussian 2D Wide,8,0.1,0.9,2000,32,33,1.0,1.0,1.0,1779,8,0,0,12
Gaussian 2D Wide,8,0.1,0.9,2000,32,34,1.0,1.0,1.0,1606,10,0,0,10
Gaussian 2D Wide,8,0.1,0.9,2000,32,35,1.0,1.0,1.0,1985,9,0,0,11
Gaussian 2D Wide,8,0.1,0.9,2000,32,36,1.0,1.0,1.0,1959,12,0,0,8
Gaussian 2D Wide,8,0.1,0.9,2000,32,37,1.0,1.0,1.0,1569,10,0,0,10
Gaussian 2D Wide,8,0.1,0.9,2000,32,38,1.0,1.0,1.0,1802,7,0,0,13
Gaussian 2D Wide,8,0.1,0.9,2000,32,39,1.0,1.0,1.0,1998,12,0,0,8
Gaussian 2D Wide,8,0.1,0.9,2000,32,40,1.0,1.0,1.0,1994,11,0,0,9
Gaussian 2D Wide,8,0.1,0.9,2000,32,41,1.0,1.0,1.0,1974,12,0,0,8
Gaussian 2D Wide,8,0.1,0.9,2000,32,42,1.0,1.0,1.0,1898,10,0,0,10
Gaussian 2D Wide,8,0.1,0.9,2000,32,43,1.0,1.0,1.0,1995,10,0,0,10
Gaussian 2D Wide,8,0.1,0.9,2000,32,44,1.0,1.0,1.0,1977,8,0,0,12
Gaussian 2D Wide,8,0.1,0.9,2000,32,45,1.0,1.0,1.0,1961,8,0,0,12
Gaussian 2D Wide,8,0.1,0.9,2000,32,46,1.0,1.0,1.0,1727,13,0,0,7
Gaussian 2D Wide,8,0.1,0.9,2000,32,47,1.0,1.0,1.0,1952,11,0,0,9
Gaussian 2D Wide,8,0.1,0.9,2000,32,48,1.0,1.0,1.0,1988,11,0,0,9
Gaussian 2D Wide,8,0.1,0.9,2000,32,49,1.0,1.0,1.0,1988,7,0,0,13
Gaussian 2D Wide,0,0.1,0.9,2000,32,0,1.0,1.0,1.0,1985,8,0,0,12
Gaussian 2D Wide,0,0.1,0.9,2000,32,1,1.0,1.0,1.0,1995,12,0,0,8
Gaussian 2D Wide,0,0.1,0.9,2000,32,2,1.0,1.0,1.0,2000,10,0,0,10
Gaussian 2D Wide,0,0.1,0.9,2000,32,3,1.0,1.0,1.0,1997,8,0,0,12
Gaussian 2D Wide,0,0.1,0.9,2000,32,4,1.0,1.0,1.0,1993,8,0,0,12
Gaussian 2D Wide,0,0.1,0.9,2000,32,5,1.0,1.0,1.0,2000,9,0,0,11
Gaussian 2D Wide,0,0.1,0.9,2000,32,6,1.0,1.0,1.0,1991,13,0,0,7
Gaussian 2D Wide,0,0.1,0.9,2000,32,7,1.0,1.0,1.0,1979,9,0,0,11
Gaussian 2D Wide,0,0.1,0.9,2000,32,8,1.0,1.0,1.0,1999,11,0,0,9
Gaussian 2D Wide,0,0.1,0.9,2000,32,9,1.0,1.0,1.0,1997,10,0,0,10
Gaussian 2D Wide,0,0.1,0.9,2000,32,10,1.0,1.0,1.0,1998,9,0,0,11
Gaussian 2D Wide,0,0.1,0.9,2000,32,11,1.0,1.0,1.0,1992,13,0,0,7
Gaussian 2D Wide,0,0.1,0.9,2000,32,12,1.0,1.0,1.0,1989,9,0,0,11
Gaussian 2D Wide,0,0.1,0.9,2000,32,13,1.0,1.0,1.0,1999,12,0,0,8
Gaussian 2D Wide,0,0.1,0.9,2000,32,14,1.0,1.0,1.0,2000,12,0,0,8
Gaussian 2D Wide,0,0.1,0.9,2000,32,15,1.0,1.0,1.0,1998,9,0,0,11
Gaussian 2D Wide,0,0.1,0.9,2000,32,16,1.0,1.0,1.0,1998,10,0,0,10
Gaussian 2D Wide,0,0.1,0.9,2000,32,17,1.0,1.0,1.0,1998,13,0,0,7
Gaussian 2D Wide,0,0.1,0.9,2000,32,18,1.0,1.0,1.0,1998,11,0,0,9
Gaussian 2D Wide,0,0.1,0.9,2000,32,19,1.0,1.0,1.0,2000,11,0,0,9
Gaussian 2D Wide,0,0.1,0.9,2000,32,20,1.0,1.0,1.0,1987,11,0,0,9
Gaussian 2D Wide,0,0.1,0.9,2000,32,21,1.0,1.0,1.0,1979,8,0,0,12
Gaussian 2D Wide,0,0.1,0.9,2000,32,22,1.0,1.0,1.0,1998,13,0,0,7
Gaussian 2D Wide,0,0.1,0.9,2000,32,23,1.0,1.0,1.0,1998,11,0,0,9
Gaussian 2D Wide,0,0.1,0.9,2000,32,24,1.0,1.0,1.0,2000,11,0,0,9
Gaussian 2D Wide,0,0.1,0.9,2000,32,25,1.0,1.0,1.0,1982,10,0,0,10
Gaussian 2D Wide,0,0.1,0.9,2000,32,26,1.0,1.0,1.0,1998,12,0,0,8
Gaussian 2D Wide,0,0.1,0.9,2000,32,27,1.0,1.0,1.0,1998,10,0,0,10
Gaussian 2D Wide,0,0.1,0.9,2000,32,28,1.0,1.0,1.0,1885,9,0,0,11
Gaussian 2D Wide,0,0.1,0.9,2000,32,29,1.0,1.0,1.0,1995,8,0,0,12
Gaussian 2D Wide,0,0.1,0.9,2000,32,30,1.0,1.0,1.0,1995,12,0,0,8
Gaussian 2D Wide,0,0.1,0.9,2000,32,31,1.0,1.0,1.0,1999,7,0,0,13
Gaussian 2D Wide,0,0.1,0.9,2000,32,32,1.0,1.0,1.0,1996,11,0,0,9
Gaussian 2D Wide,0,0.1,0.9,2000,32,33,1.0,1.0,1.0,1988,8,0,0,12
Gaussian 2D Wide,0,0.1,0.9,2000,32,34,1.0,1.0,1.0,1990,10,0,0,10
Gaussian 2D Wide,0,0.1,0.9,2000,32,35,1.0,1.0,1.0,1997,9,0,0,11
Gaussian 2D Wide,0,0.1,0.9,2000,32,36,1.0,1.0,1.0,1998,12,0,0,8
Gaussian 2D Wide,0,0.1,0.9,2000,32,37,1.0,1.0,1.0,1960,10,0,0,10
Gaussian 2D Wide,0,0.1,0.9,2000,32,38,1.0,1.0,1.0,1987,7,0,0,13
Gaussian 2D Wide,0,0.1,0.9,2000,32,39,1.0,1.0,1.0,1993,12,0,0,8
Gaussian 2D Wide,0,0.1,0.9,2000,32,40,1.0,1.0,1.0,1998,11,0,0,9
Gaussian 2D Wide,0,0.1,0.9,2000,32,41,1.0,1.0,1.0,1994,12,0,0,8
Gaussian 2D Wide,0,0.1,0.9,2000,32,42,1.0,1.0,1.0,1995,10,0,0,10
Gaussian 2D Wide,0,0.1,0.9,2000,32,43,1.0,1.0,1.0,1999,10,0,0,10
Gaussian 2D Wide,0,0.1,0.9,2000,32,44,1.0,1.0,1.0,1999,8,0,0,12
Gaussian 2D Wide,0,0.1,0.9,2000,32,45,1.0,1.0,1.0,1999,8,0,0,12
Gaussian 2D Wide,0,0.1,0.9,2000,32,46,1.0,1.0,1.0,1987,13,0,0,7
Gaussian 2D Wide,0,0.1,0.9,2000,32,47,1.0,1.0,1.0,2000,11,0,0,9
Gaussian 2D Wide,0,0.1,0.9,2000,32,48,1.0,1.0,1.0,1991,11,0,0,9
Gaussian 2D Wide,0,0.1,0.9,2000,32,49,1.0,1.0,1.0,1999,7,0,0,13
Gaussian 2D Narrow,8,0.1,0.9,2000,32,0,1.0,1.0,1.0,2000,8,0,0,12
Gaussian 2D Narrow,8,0.1,0.9,2000,32,1,1.0,0.975,1.0,9,12,0,0,8
Gaussian 2D Narrow,8,0.1,0.9,2000,32,2,1.0,1.0,1.0,1610,10,0,0,10
Gaussian 2D Narrow,8,0.1,0.9,2000,32,3,1.0,1.0,1.0,1999,8,0,0,12
Gaussian 2D Narrow,8,0.1,0.9,2000,32,4,1.0,1.0,1.0,1641,8,0,0,12
Gaussian 2D Narrow,8,0.1,0.9,2000,32,5,1.0,1.0,1.0,9,9,0,0,11
Gaussian 2D Narrow,8,0.1,0.9,2000,32,6,1.0,1.0,1.0,1497,13,0,0,7
Gaussian 2D Narrow,8,0.1,0.9,2000,32,7,1.0,1.0,0.95,1698,8,1,0,11
Gaussian 2D Narrow,8,0.1,0.9,2000,32,8,1.0,1.0,1.0,9,11,0,0,9
Gaussian 2D Narrow,8,0.1,0.9,2000,32,9,1.0,0.975,1.0,266,10,0,0,10
Gaussian 2D Narrow,8,0.1,0.9,2000,32,10,1.0,1.0,0.95,1975,9,0,1,10
Gaussian 2D Narrow,8,0.1,0.9,2000,32,11,1.0,1.0,1.0,1999,13,0,0,7
Gaussian 2D Narrow,8,0.1,0.9,2000,32,12,1.0,1.0,1.0,1130,9,0,0,11
Gaussian 2D Narrow,8,0.1,0.9,2000,32,13,1.0,1.0,1.0,977,12,0,0,8
Gaussian 2D Narrow,8,0.1,0.9,2000,32,14,1.0,1.0,1.0,1289,12,0,0,8
Gaussian 2D Narrow,8,0.1,0.9,2000,32,15,1.0,1.0,1.0,1916,9,0,0,11
Gaussian 2D Narrow,8,0.1,0.9,2000,32,16,1.0,1.0,1.0,1842,10,0,0,10
Gaussian 2D Narrow,8,0.1,0.9,2000,32,17,1.0,1.0,1.0,796,13,0,0,7
Gaussian 2D Narrow,8,0.1,0.9,2000,32,18,1.0,1.0,1.0,1451,11,0,0,9
Gaussian 2D Narrow,8,0.1,0.9,2000,32,19,1.0,1.0,1.0,1970,11,0,0,9
Gaussian 2D Narrow,8,0.1,0.9,2000,32,20,1.0,1.0,0.95,1923,11,0,1,8
Gaussian 2D Narrow,8,0.1,0.9,2000,32,21,1.0,1.0,1.0,21,8,0,0,12
Gaussian 2D Narrow,8,0.1,0.9,2000,32,22,1.0,1.0,1.0,877,13,0,0,7
Gaussian 2D Narrow,8,0.1,0.9,2000,32,23,1.0,0.975,1.0,120,11,0,0,9
Gaussian 2D Narrow,8,0.1,0.9,2000,32,24,1.0,1.0,0.95,1995,11,0,1,8
Gaussian 2D Narrow,8,0.1,0.9,2000,32,25,1.0,0.975,1.0,147,10,0,0,10
Gaussian 2D Narrow,8,0.1,0.9,2000,32,26,1.0,1.0,0.95,1994,12,0,1,7
Gaussian 2D Narrow,8,0.1,0.9,2000,32,27,1.0,1.0,1.0,1133,10,0,0,10
Gaussian 2D Narrow,8,0.1,0.9,2000,32,28,1.0,1.0,1.0,127,9,0,0,11
Gaussian 2D Narrow,8,0.1,0.9,2000,32,29,1.0,1.0,1.0,20,8,0,0,12
Gaussian 2D Narrow,8,0.1,0.9,2000,32,30,1.0,1.0,1.0,1835,12,0,0,8
Gaussian 2D Narrow,8,0.1,0.9,2000,32,31,1.0,1.0,1.0,668,7,0,0,13
Gaussian 2D Narrow,8,0.1,0.9,2000,32,32,1.0,1.0,1.0,1996,11,0,0,9
Gaussian 2D Narrow,8,0.1,0.9,2000,32,33,1.0,1.0,1.0,1942,8,0,0,12
Gaussian 2D Narrow,8,0.1,0.9,2000,32,34,1.0,1.0,1.0,1589,10,0,0,10
Gaussian 2D Narrow,8,0.1,0.9,2000,32,35,1.0,1.0,1.0,1999,9,0,0,11
Gaussian 2D Narrow,8,0.1,0.9,2000,32,36,1.0,1.0,1.0,1527,12,0,0,8
Gaussian 2D Narrow,8,0.1,0.9,2000,32,37,1.0,1.0,1.0,860,10,0,0,10
Gaussian 2D Narrow,8,0.1,0.9,2000,32,38,1.0,1.0,1.0,39,7,0,0,13
Gaussian 2D Narrow,8,0.1,0.9,2000,32,39,1.0,1.0,1.0,623,12,0,0,8
Gaussian 2D Narrow,8,0.1,0.9,2000,32,40,1.0,1.0,1.0,1895,11,0,0,9
Gaussian 2D Narrow,8,0.1,0.9,2000,32,41,1.0,0.975,1.0,121,12,0,0,8
Gaussian 2D Narrow,8,0.1,0.9,2000,32,42,1.0,1.0,1.0,907,10,0,0,10
Gaussian 2D Narrow,8,0.1,0.9,2000,32,43,1.0,1.0,0.95,1998,10,0,1,9
Gaussian 2D Narrow,8,0.1,0.9,2000,32,44,1.0,0.975,1.0,22,8,0,0,12
Gaussian 2D Narrow,8,0.1,0.9,2000,32,45,1.0,1.0,1.0,70,8,0,0,12
Gaussian 2D Narrow,8,0.1,0.9,2000,32,46,1.0,1.0,1.0,49,13,0,0,7
Gaussian 2D Narrow,8,0.1,0.9,2000,32,47,1.0,1.0,1.0,591,11,0,0,9
Gaussian 2D Narrow,8,0.1,0.9,2000,32,48,1.0,1.0,1.0,7,11,0,0,9
Gaussian 2D Narrow,8,0.1,0.9,2000,32,49,1.0,1.0,1.0,1983,7,0,0,13
Gaussian 2D Narrow,0,0.1,0.9,2000,32,0,1.0,1.0,1.0,2000,8,0,0,12
Gaussian 2D Narrow,0,0.1,0.9,2000,32,1,1.0,1.0,1.0,351,12,0,0,8
Gaussian 2D Narrow,0,0.1,0.9,2000,32,2,1.0,1.0,1.0,2000,10,0,0,10
Gaussian 2D Narrow,0,0.1,0.9,2000,32,3,1.0,1.0,1.0,2000,8,0,0,12
Gaussian 2D Narrow,0,0.1,0.9,2000,32,4,1.0,1.0,1.0,1981,8,0,0,12
Gaussian 2D Narrow,0,0.1,0.9,2000,32,5,1.0,1.0,1.0,425,9,0,0,11
Gaussian 2D Narrow,0,0.1,0.9,2000,32,6,1.0,1.0,1.0,1995,13,0,0,7
Gaussian 2D Narrow,0,0.1,0.9,2000,32,7,1.0,1.0,1.0,1993,9,0,0,11
Gaussian 2D Narrow,0,0.1,0.9,2000,32,8,1.0,1.0,1.0,432,11,0,0,9
Gaussian 2D Narrow,0,0.1,0.9,2000,32,9,1.0,0.975,1.0,1839,10,0,0,10
Gaussian 2D Narrow,0,0.1,0.9,2000,32,10,1.0,1.0,0.95,1994,9,0,1,10
Gaussian 2D Narrow,0,0.1,0.9,2000,32,11,1.0,1.0,1.0,1999,13,0,0,7
Gaussian 2D Narrow,0,0.1,0.9,2000,32,12,1.0,1.0,1.0,1999,9,0,0,11
Gaussian 2D Narrow,0,0.1,0.9,2000,32,13,1.0,1.0,1.0,1998,12,0,0,8
Gaussian 2D Narrow,0,0.1,0.9,2000,32,14,1.0,1.0,1.0,1984,12,0,0,8
Gaussian 2D Narrow,0,0.1,0.9,2000,32,15,1.0,1.0,1.0,1916,9,0,0,11
Gaussian 2D Narrow,0,0.1,0.9,2000,32,16,1.0,1.0,1.0,1997,10,0,0,10
Gaussian 2D Narrow,0,0.1,0.9,2000,32,17,1.0,1.0,1.0,2000,13,0,0,7
Gaussian 2D Narrow,0,0.1,0.9,2000,32,18,1.0,1.0,1.0,1973,11,0,0,9
Gaussian 2D Narrow,0,0.1,0.9,2000,32,19,1.0,1.0,1.0,1591,11,0,0,9
Gaussian 2D Narrow,0,0.1,0.9,2000,32,20,1.0,1.0,0.95,1997,11,0,1,8
Gaussian 2D Narrow,0,0.1,0.9,2000,32,21,1.0,1.0,1.0,1908,8,0,0,12
Gaussian 2D Narrow,0,0.1,0.9,2000,32,22,1.0,1.0,1.0,2000,13,0,0,7
Gaussian 2D Narrow,0,0.1,0.9,2000,32,23,1.0,1.0,1.0,692,11,0,0,9
Gaussian 2D Narrow,0,0.1,0.9,2000,32,24,1.0,1.0,1.0,2000,11,0,0,9
Gaussian 2D Narrow,0,0.1,0.9,2000,32,25,1.0,0.975,1.0,496,10,0,0,10
Gaussian 2D Narrow,0,0.1,0.9,2000,32,26,1.0,1.0,0.95,2000,12,0,1,7
Gaussian 2D Narrow,0,0.1,0.9,2000,32,27,1.0,1.0,1.0,1989,10,0,0,10
Gaussian 2D Narrow,0,0.1,0.9,2000,32,28,1.0,1.0,1.0,1763,9,0,0,11
Gaussian 2D Narrow,0,0.1,0.9,2000,32,29,1.0,0.975,1.0,1079,8,0,0,12
Gaussian 2D Narrow,0,0.1,0.9,2000,32,30,1.0,1.0,1.0,1998,12,0,0,8
Gaussian 2D Narrow,0,0.1,0.9,2000,32,31,1.0,1.0,1.0,1998,7,0,0,13
Gaussian 2D Narrow,0,0.1,0.9,2000,32,32,1.0,1.0,1.0,1996,11,0,0,9
Gaussian 2D Narrow,0,0.1,0.9,2000,32,33,1.0,1.0,1.0,1444,8,0,0,12
Gaussian 2D Narrow,0,0.1,0.9,2000,32,34,1.0,1.0,1.0,1993,10,0,0,10
Gaussian 2D Narrow,0,0.1,0.9,2000,32,35,1.0,1.0,1.0,2000,9,0,0,11
Gaussian 2D Narrow,0,0.1,0.9,2000,32,36,1.0,1.0,1.0,1986,12,0,0,8
Gaussian 2D Narrow,0,0.1,0.9,2000,32,37,1.0,1.0,1.0,1981,10,0,0,10
Gaussian 2D Narrow,0,0.1,0.9,2000,32,38,1.0,1.0,1.0,408,7,0,0,13
Gaussian 2D Narrow,0,0.1,0.9,2000,32,39,1.0,1.0,1.0,1999,12,0,0,8
Gaussian 2D Narrow,0,0.1,0.9,2000,32,40,1.0,1.0,1.0,1994,11,0,0,9
Gaussian 2D Narrow,0,0.1,0.9,2000,32,41,1.0,0.975,1.0,1833,12,0,0,8
Gaussian 2D Narrow,0,0.1,0.9,2000,32,42,1.0,1.0,1.0,1976,10,0,0,10
Gaussian 2D Narrow,0,0.1,0.9,2000,32,43,1.0,1.0,0.95,2000,10,0,1,9
Gaussian 2D Narrow,0,0.1,0.9,2000,32,44,1.0,1.0,1.0,219,8,0,0,12
Gaussian 2D Narrow,0,0.1,0.9,2000,32,45,1.0,1.0,1.0,541,8,0,0,12
Gaussian 2D Narrow,0,0.1,0.9,2000,32,46,1.0,1.0,1.0,1165,13,0,0,7
Gaussian 2D Narrow,0,0.1,0.9,2000,32,47,1.0,1.0,1.0,1995,11,0,0,9
Gaussian 2D Narrow,0,0.1,0.9,2000,32,48,1.0,1.0,1.0,1296,11,0,0,9
Gaussian 2D Narrow,0,0.1,0.9,2000,32,49,1.0,1.0,1.0,1968,7,0,0,13
Gaussian 2D Overlap,8,0.1,0.9,2000,32,0,0.9857142857142858,0.95,0.75,195,7,1,4,8
Gaussian 2D Overlap,8,0.1,0.9,2000,32,1,0.9214285714285714,0.925,0.95,24,11,1,0,8
Gaussian 2D Overlap,8,0.1,0.9,2000,32,2,0.9285714285714286,0.9,0.95,9,10,0,1,9
Gaussian 2D Overlap,8,0.1,0.9,2000,32,3,0.95,0.875,0.9,2,7,1,1,11
Gaussian 2D Overlap,8,0.1,0.9,2000,32,4,0.95,0.9,1.0,167,8,0,0,12
Gaussian 2D Overlap,8,0.1,0.9,2000,32,5,0.9714285714285714,1.0,0.75,1040,4,5,0,11
Gaussian 2D Overlap,8,0.1,0.9,2000,32,6,0.9357142857142857,0.95,0.95,99,12,1,0,7
Gaussian 2D Overlap,8,0.1,0.9,2000,32,7,0.9714285714285714,0.975,0.9,1952,9,0,2,9
Gaussian 2D Overlap,8,0.1,0.9,2000,32,8,0.9428571428571428,0.9,0.85,2,8,3,0,9
Gaussian 2D Overlap,8,0.1,0.9,2000,32,9,0.95,0.875,0.9,2,8,2,0,10
Gaussian 2D Overlap,8,0.1,0.9,2000,32,10,0.9357142857142857,0.875,0.95,2,8,1,0,11
Gaussian 2D Overlap,8,0.1,0.9,2000,32,11,0.9214285714285714,0.925,0.95,3,12,1,0,7
Gaussian 2D Overlap,8,0.1,0.9,2000,32,12,0.9285714285714286,0.975,0.85,9,6,3,0,11
Gaussian 2D Overlap,8,0.1,0.9,2000,32,13,0.9214285714285714,0.95,1.0,20,12,0,0,8
Gaussian 2D Overlap,8,0.1,0.9,2000,32,14,0.9571428571428572,0.975,0.9,576,11,1,1,7
Gaussian 2D Overlap,8,0.1,0.9,2000,32,15,0.9357142857142857,0.925,0.9,16,7,2,0,11
Gaussian 2D Overlap,8,0.1,0.9,2000,32,16,0.9357142857142857,0.95,0.9,13,8,2,0,10
Gaussian 2D Overlap,8,0.1,0.9,2000,32,17,0.9642857142857143,0.9,0.85,1318,12,1,2,5
Gaussian 2D Overlap,8,0.1,0.9,2000,32,18,0.9571428571428572,0.875,0.85,304,10,1,2,7
Gaussian 2D Overlap,8,0.1,0.9,2000,32,19,0.9428571428571428,0.95,0.9,3,10,1,1,8
Gaussian 2D Overlap,8,0.1,0.9,2000,32,20,0.9357142857142857,0.975,0.8,5,7,4,0,9
Gaussian 2D Overlap,8,0.1,0.9,2000,32,21,0.9214285714285714,1.0,0.85,6,5,3,0,12
Gaussian 2D Overlap,8,0.1,0.9,2000,32,22,0.9214285714285714,0.925,0.95,2,12,1,0,7
Gaussian 2D Overlap,8,0.1,0.9,2000,32,23,0.9428571428571428,0.95,0.9,197,9,2,0,9
Gaussian 2D Overlap,8,0.1,0.9,2000,32,24,0.9357142857142857,0.875,0.95,2,11,0,1,8
Gaussian 2D Overlap,8,0.1,0.9,2000,32,25,0.9642857142857143,0.95,0.95,920,9,1,0,10
Gaussian 2D Overlap,8,0.1,0.9,2000,32,26,0.9285714285714286,0.95,0.9,10,10,2,0,8
Gaussian 2D Overlap,8,0.1,0.9,2000,32,27,0.9285714285714286,0.95,1.0,314,10,0,0,10
Gaussian 2D Overlap,8,0.1,0.9,2000,32,28,0.9214285714285714,0.925,0.95,157,8,1,0,11
Gaussian 2D Overlap,8,0.1,0.9,2000,32,29,0.95,1.0,0.95,874,7,1,0,12
Gaussian 2D Overlap,8,0.1,0.9,2000,32,30,0.9142857142857143,0.975,1.0,43,12,0,0,8
Gaussian 2D Overlap,8,0.1,0.9,2000,32,31,0.95,1.0,1.0,1664,7,0,0,13
Gaussian 2D Overlap,8,0.1,0.9,2000,32,32,0.9642857142857143,0.925,0.95,489,11,0,1,8
Gaussian 2D Overlap,8,0.1,0.9,2000,32,33,0.9714285714285714,0.975,0.95,1638,8,0,1,11
Gaussian 2D Overlap,8,0.1,0.9,2000,32,34,0.9285714285714286,0.925,0.95,144,10,0,1,9
Gaussian 2D Overlap,8,0.1,0.9,2000,32,35,0.9785714285714285,1.0,0.9,1977,8,1,1,10
Gaussian 2D Overlap,8,0.1,0.9,2000,32,36,0.9214285714285714,0.95,1.0,7,12,0,0,8
Gaussian 2D Overlap,8,0.1,0.9,2000,32,37,0.9142857142857143,0.975,0.95,27,10,0,1,9
Gaussian 2D Overlap,8,0.1,0.9,2000,32,38,0.9,0.975,1.0,7,7,0,0,13
Gaussian 2D Overlap,8,0.1,0.9,2000,32,39,0.9642857142857143,0.95,0.9,433,12,0,2,6
Gaussian 2D Overlap,8,0.1,0.9,2000,32,40,0.9714285714285714,1.0,1.0,1636,11,0,0,9
Gaussian 2D Overlap,8,0.1,0.9,2000,32,41,0.9428571428571428,0.925,0.85,2,9,3,0,8
Gaussian 2D Overlap,8,0.1,0.9,2000,32,42,0.9142857142857143,0.975,0.9,4,10,0,2,8
Gaussian 2D Overlap,8,0.1,0.9,2000,32,43,0.95,0.975,0.9,421,8,2,0,10
Gaussian 2D Overlap,8,0.1,0.9,2000,32,44,0.9285714285714286,0.95,0.9,31,7,1,1,11
Gaussian 2D Overlap,8,0.1,0.9,2000,32,45,0.9071428571428571,0.975,1.0,3,8,0,0,12
Gaussian 2D Overlap,8,0.1,0.9,2000,32,46,0.9428571428571428,0.925,0.85,3,11,2,1,6
Gaussian 2D Overlap,8,0.1,0.9,2000,32,47,0.9285714285714286,0.95,0.85,4,8,3,0,9
Gaussian 2D Overlap,8,0.1,0.9,2000,32,48,0.9428571428571428,0.925,0.9,2,9,2,0,9
Gaussian 2D Overlap,8,0.1,0.9,2000,32,49,0.9142857142857143,0.9,0.9,3,7,0,2,11
Gaussian 2D Overlap,0,0.1,0.9,2000,32,0,0.9214285714285714,0.925,0.9,1015,8,0,2,10
Gaussian 2D Overlap,0,0.1,0.9,2000,32,1,0.9214285714285714,0.95,0.95,6,11,1,0,8
Gaussian 2D Overlap,0,0.1,0.9,2000,32,2,0.9285714285714286,0.875,0.95,933,10,0,1,9
Gaussian 2D Overlap,0,0.1,0.9,2000,32,3,0.95,0.875,0.9,8,7,1,1,11
Gaussian 2D Overlap,0,0.1,0.9,2000,32,4,0.9428571428571428,0.9,0.9,7,8,0,2,10
Gaussian 2D Overlap,0,0.1,0.9,2000,32,5,0.9357142857142857,0.975,0.8,391,6,3,1,10
Gaussian 2D Overlap,0,0.1,0.9,2000,32,6,0.9285714285714286,0.925,0.95,4,12,1,0,7
Gaussian 2D Overlap,0,0.1,0.9,2000,32,7,0.9214285714285714,0.95,0.9,1144,9,0,2,9
Gaussian 2D Overlap,0,0.1,0.9,2000,32,8,0.9357142857142857,0.9,0.95,4,10,1,0,9
Gaussian 2D Overlap,0,0.1,0.9,2000,32,9,0.9428571428571428,0.875,0.85,4,8,2,1,9
Gaussian 2D Overlap,0,0.1,0.9,2000,32,10,0.9357142857142857,0.9,0.95,4,8,1,0,11
Gaussian 2D Overlap,0,0.1,0.9,2000,32,11,0.9142857142857143,0.925,0.95,8,12,1,0,7
Gaussian 2D Overlap,0,0.1,0.9,2000,32,12,0.9214285714285714,0.975,0.9,138,7,2,0,11
Gaussian 2D Overlap,0,0.1,0.9,2000,32,13,0.9285714285714286,0.9,1.0,6,12,0,0,8
Gaussian 2D Overlap,0,0.1,0.9,2000,32,14,0.9214285714285714,0.95,0.9,1256,11,1,1,7
Gaussian 2D Overlap,0,0.1,0.9,2000,32,15,0.9357142857142857,0.925,0.9,800,7,2,0,11
Gaussian 2D Overlap,0,0.1,0.9,2000,32,16,0.9428571428571428,0.925,0.85,128,8,2,1,9
Gaussian 2D Overlap,0,0.1,0.9,2000,32,17,0.95,0.85,0.95,3,12,1,0,7
Gaussian 2D Overlap,0,0.1,0.9,2000,32,18,0.9571428571428572,0.85,0.9,5,10,1,1,8
Gaussian 2D Overlap,0,0.1,0.9,2000,32,19,0.9428571428571428,0.925,0.85,5,10,1,2,7
Gaussian 2D Overlap,0,0.1,0.9,2000,32,20,0.9357142857142857,0.975,0.8,1273,7,4,0,9
Gaussian 2D Overlap,0,0.1,0.9,2000,32,21,0.9214285714285714,1.0,0.85,936,5,3,0,12
Gaussian 2D Overlap,0,0.1,0.9,2000,32,22,0.9214285714285714,0.925,0.95,4,12,1,0,7
Gaussian 2D Overlap,0,0.1,0.9,2000,32,23,0.9285714285714286,0.95,0.9,1011,9,2,0,9
Gaussian 2D Overlap,0,0.1,0.9,2000,32,24,0.9285714285714286,0.875,1.0,3,11,0,0,9
Gaussian 2D Overlap,0,0.1,0.9,2000,32,25,0.9142857142857143,0.95,0.9,1901,9,1,1,9
Gaussian 2D Overlap,0,0.1,0.9,2000,32,26,0.9357142857142857,0.95,0.85,18,10,2,1,7
Gaussian 2D Overlap,0,0.1,0.9,2000,32,27,0.9214285714285714,0.9,1.0,407,10,0,0,10
Gaussian 2D Overlap,0,0.1,0.9,2000,32,28,0.9214285714285714,0.925,0.95,4,8,1,0,11
Gaussian 2D Overlap,0,0.1,0.9,2000,32,29,0.9142857142857143,0.975,0.95,1496,7,1,0,12
Gaussian 2D Overlap,0,0.1,0.9,2000,32,30,0.9142857142857143,0.975,0.95,4,12,0,1,7
Gaussian 2D Overlap,0,0.1,0.9,2000,32,31,0.9,1.0,0.9,1317,7,0,2,11
Gaussian 2D Overlap,0,0.1,0.9,2000,32,32,0.9285714285714286,0.925,0.95,6,10,1,0,9
Gaussian 2D Overlap,0,0.1,0.9,2000,32,33,0.9071428571428571,0.95,1.0,325,8,0,0,12
Gaussian 2D Overlap,0,0.1,0.9,2000,32,34,0.9357142857142857,0.925,0.9,5,10,0,2,8
Gaussian 2D Overlap,0,0.1,0.9,2000,32,35,0.9357142857142857,0.975,0.8,383,8,1,3,8
Gaussian 2D Overlap,0,0.1,0.9,2000,32,36,0.9071428571428571,0.975,1.0,11,12,0,0,8
Gaussian 2D Overlap,0,0.1,0.9,2000,32,37,0.9071428571428571,0.975,1.0,9,10,0,0,10
Gaussian 2D Overlap,0,0.1,0.9,2000,32,38,0.9,0.975,1.0,9,7,0,0,13
Gaussian 2D Overlap,0,0.1,0.9,2000,32,39,0.9285714285714286,0.9,0.95,733,12,0,1,7
Gaussian 2D Overlap,0,0.1,0.9,2000,32,40,0.9357142857142857,0.9,0.95,741,11,0,1,8
Gaussian 2D Overlap,0,0.1,0.9,2000,32,41,0.9285714285714286,0.925,0.9,4,10,2,0,8
Gaussian 2D Overlap,0,0.1,0.9,2000,32,42,0.9142857142857143,0.95,0.9,8,10,0,2,8
Gaussian 2D Overlap,0,0.1,0.9,2000,32,43,0.9214285714285714,0.95,0.9,851,8,2,0,10
Gaussian 2D Overlap,0,0.1,0.9,2000,32,44,0.9214285714285714,0.925,0.9,4,7,1,1,11
Gaussian 2D Overlap,0,0.1,0.9,2000,32,45,0.9071428571428571,0.975,1.0,6,8,0,0,12
Gaussian 2D Overlap,0,0.1,0.9,2000,32,46,0.9428571428571428,0.925,0.85,7,11,2,1,6
Gaussian 2D Overlap,0,0.1,0.9,2000,32,47,0.9357142857142857,0.95,0.85,200,8,3,0,9
Gaussian 2D Overlap,0,0.1,0.9,2000,32,48,0.9285714285714286,0.925,0.9,3,9,2,0,9
Gaussian 2D Overlap,0,0.1,0.9,2000,32,49,0.9214285714285714,0.925,0.95,5,7,0,1,12
Gaussian 3D Wide,8,0.1,0.9,2000,32,0,1.0,1.0,1.0,2000,8,0,0,12
Gaussian 3D Wide,8,0.1,0.9,2000,32,1,1.0,1.0,1.0,1971,12,0,0,8
Gaussian 3D Wide,8,0.1,0.9,2000,32,2,1.0,1.0,1.0,1943,10,0,0,10
Gaussian 3D Wide,8,0.1,0.9,2000,32,3,1.0,1.0,1.0,1979,8,0,0,12
Gaussian 3D Wide,8,0.1,0.9,2000,32,4,1.0,1.0,1.0,1834,8,0,0,12
Gaussian 3D Wide,8,0.1,0.9,2000,32,5,1.0,1.0,1.0,1958,9,0,0,11
Gaussian 3D Wide,8,0.1,0.9,2000,32,6,1.0,1.0,1.0,1877,13,0,0,7
Gaussian 3D Wide,8,0.1,0.9,2000,32,7,1.0,1.0,1.0,1899,9,0,0,11
Gaussian 3D Wide,8,0.1,0.9,2000,32,8,1.0,1.0,1.0,1904,11,0,0,9
Gaussian 3D Wide,8,0.1,0.9,2000,32,9,1.0,1.0,1.0,1941,10,0,0,10
Gaussian 3D Wide,8,0.1,0.9,2000,32,10,1.0,1.0,1.0,1987,9,0,0,11
Gaussian 3D Wide,8,0.1,0.9,2000,32,11,1.0,1.0,1.0,1956,13,0,0,7
Gaussian 3D Wide,8,0.1,0.9,2000,32,12,1.0,1.0,1.0,1939,9,0,0,11
Gaussian 3D Wide,8,0.1,0.9,2000,32,13,1.0,1.0,1.0,1896,12,0,0,8
Gaussian 3D Wide,8,0.1,0.9,2000,32,14,1.0,1.0,1.0,1901,12,0,0,8
Gaussian 3D Wide,8,0.1,0.9,2000,32,15,1.0,1.0,1.0,1914,9,0,0,11
Gaussian 3D Wide,8,0.1,0.9,2000,32,16,1.0,1.0,1.0,1946,10,0,0,10
Gaussian 3D Wide,8,0.1,0.9,2000,32,17,1.0,1.0,1.0,1919,13,0,0,7
Gaussian 3D Wide,8,0.1,0.9,2000,32,18,1.0,1.0,1.0,1981,11,0,0,9
Gaussian 3D Wide,8,0.1,0.9,2000,32,19,1.0,1.0,1.0,1978,11,0,0,9
Gaussian 3D Wide,8,0.1,0.9,2000,32,20,1.0,1.0,1.0,1984,11,0,0,9
Gaussian 3D Wide,8,0.1,0.9,2000,32,21,1.0,1.0,1.0,1983,8,0,0,12
Gaussian 3D Wide,8,0.1,0.9,2000,32,22,1.0,1.0,1.0,1743,13,0,0,7
Gaussian 3D Wide,8,0.1,0.9,2000,32,23,1.0,1.0,1.0,1937,11,0,0,9
Gaussian 3D Wide,8,0.1,0.9,2000,32,24,1.0,1.0,1.0,1921,11,0,0,9
Gaussian 3D Wide,8,0.1,0.9,2000,32,25,1.0,1.0,1.0,1914,10,0,0,10
Gaussian 3D Wide,8,0.1,0.9,2000,32,26,1.0,1.0,1.0,1850,12,0,0,8
Gaussian 3D Wide,8,0.1,0.9,2000,32,27,1.0,1.0,1.0,1906,10,0,0,10
Gaussian 3D Wide,8,0.1,0.9,2000,32,28,1.0,1.0,1.0,1934,9,0,0,11
Gaussian 3D Wide,8,0.1,0.9,2000,32,29,1.0,1.0,1.0,1921,8,0,0,12
Gaussian 3D Wide,8,0.1,0.9,2000,32,30,1.0,1.0,1.0,1964,12,0,0,8
Gaussian 3D Wide,8,0.1,0.9,2000,32,31,1.0,1.0,1.0,1957,7,0,0,13
Gaussian 3D Wide,8,0.1,0.9,2000,32,32,1.0,1.0,1.0,1886,11,0,0,9
Gaussian 3D Wide,8,0.1,0.9,2000,32,33,1.0,1.0,1.0,1829,8,0,0,12
Gaussian 3D Wide,8,0.1,0.9,2000,32,34,1.0,1.0,1.0,1992,10,0,0,10
Gaussian 3D Wide,8,0.1,0.9,2000,32,35,1.0,1.0,1.0,1833,9,0,0,11
Gaussian 3D Wide,8,0.1,0.9,2000,32,36,1.0,1.0,1.0,1956,12,0,0,8
Gaussian 3D Wide,8,0.1,0.9,2000,32,37,1.0,1.0,1.0,1897,10,0,0,10
Gaussian 3D Wide,8,0.1,0.9,2000,32,38,1.0,1.0,1.0,1882,7,0,0,13
Gaussian 3D Wide,8,0.1,0.9,2000,32,39,1.0,1.0,1.0,1926,12,0,0,8
Gaussian 3D Wide,8,0.1,0.9,2000,32,40,1.0,1.0,1.0,1971,11,0,0,9
Gaussian 3D Wide,8,0.1,0.9,2000,32,41,1.0,1.0,1.0,1981,12,0,0,8
Gaussian 3D Wide,8,0.1,0.9,2000,32,42,1.0,1.0,1.0,1953,10,0,0,10
Gaussian 3D Wide,8,0.1,0.9,2000,32,43,1.0,1.0,1.0,1977,10,0,0,10
Gaussian 3D Wide,8,0.1,0.9,2000,32,44,1.0,1.0,1.0,1989,8,0,0,12
Gaussian 3D Wide,8,0.1,0.9,2000,32,45,1.0,1.0,1.0,1896,8,0,0,12
Gaussian 3D Wide,8,0.1,0.9,2000,32,46,1.0,1.0,1.0,1878,13,0,0,7
Gaussian 3D Wide,8,0.1,0.9,2000,32,47,1.0,1.0,1.0,1913,11,0,0,9
Gaussian 3D Wide,8,0.1,0.9,2000,32,48,1.0,1.0,1.0,1788,11,0,0,9
Gaussian 3D Wide,8,0.1,0.9,2000,32,49,1.0,1.0,1.0,1943,7,0,0,13
Gaussian 3D Wide,0,0.1,0.9,2000,32,0,1.0,1.0,1.0,1989,8,0,0,12
Gaussian 3D Wide,0,0.1,0.9,2000,32,1,1.0,1.0,1.0,1995,12,0,0,8
Gaussian 3D Wide,0,0.1,0.9,2000,32,2,1.0,1.0,1.0,1993,10,0,0,10
Gaussian 3D Wide,0,0.1,0.9,2000,32,3,1.0,1.0,1.0,1997,8,0,0,12
Gaussian 3D Wide,0,0.1,0.9,2000,32,4,1.0,1.0,1.0,1972,8,0,0,12
Gaussian 3D Wide,0,0.1,0.9,2000,32,5,1.0,1.0,1.0,1985,9,0,0,11
Gaussian 3D Wide,0,0.1,0.9,2000,32,6,1.0,1.0,1.0,1982,13,0,0,7
Gaussian 3D Wide,0,0.1,0.9,2000,32,7,1.0,1.0,1.0,1991,9,0,0,11
Gaussian 3D Wide,0,0.1,0.9,2000,32,8,1.0,1.0,1.0,1997,11,0,0,9
Gaussian 3D Wide,0,0.1,0.9,2000,32,9,1.0,1.0,1.0,1989,10,0,0,10
Gaussian 3D Wide,0,0.1,0.9,2000,32,10,1.0,1.0,1.0,1987,9,0,0,11
Gaussian 3D Wide,0,0.1,0.9,2000,32,11,1.0,1.0,1.0,2000,13,0,0,7
Gaussian 3D Wide,0,0.1,0.9,2000,32,12,1.0,1.0,1.0,1993,9,0,0,11
Gaussian 3D Wide,0,0.1,0.9,2000,32,13,1.0,1.0,1.0,1985,12,0,0,8
Gaussian 3D Wide,0,0.1,0.9,2000,32,14,1.0,1.0,1.0,1997,12,0,0,8
Gaussian 3D Wide,0,0.1,0.9,2000,32,15,1.0,1.0,1.0,1987,9,0,0,11
Gaussian 3D Wide,0,0.1,0.9,2000,32,16,1.0,1.0,1.0,1999,10,0,0,10
Gaussian 3D Wide,0,0.1,0.9,2000,32,17,1.0,1.0,1.0,1985,13,0,0,7
Gaussian 3D Wide,0,0.1,0.9,2000,32,18,1.0,1.0,1.0,1995,11,0,0,9
Gaussian 3D Wide,0,0.1,0.9,2000,32,19,1.0,1.0,1.0,1998,11,0,0,9
Gaussian 3D Wide,0,0.1,0.9,2000,32,20,1.0,1.0,1.0,2000,11,0,0,9
Gaussian 3D Wide,0,0.1,0.9,2000,32,21,1.0,1.0,1.0,1999,8,0,0,12
Gaussian 3D Wide,0,0.1,0.9,2000,32,22,1.0,1.0,1.0,1968,13,0,0,7
Gaussian 3D Wide,0,0.1,0.9,2000,32,23,1.0,1.0,1.0,1998,11,0,0,9
Gaussian 3D Wide,0,0.1,0.9,2000,32,24,1.0,1.0,1.0,1993,11,0,0,9
Gaussian 3D Wide,0,0.1,0.9,2000,32,25,1.0,1.0,1.0,1999,10,0,0,10
Gaussian 3D Wide,0,0.1,0.9,2000,32,26,1.0,1.0,1.0,1980,12,0,0,8
Gaussian 3D Wide,0,0.1,0.9,2000,32,27,1.0,1.0,1.0,2000,10,0,0,10
Gaussian 3D Wide,0,0.1,0.9,2000,32,28,1.0,1.0,1.0,1996,9,0,0,11
Gaussian 3D Wide,0,0.1,0.9,2000,32,29,1.0,1.0,1.0,1999,8,0,0,12
Gaussian 3D Wide,0,0.1,0.9,2000,32,30,1.0,1.0,1.0,1999,12,0,0,8
Gaussian 3D Wide,0,0.1,0.9,2000,32,31,1.0,1.0,1.0,1998,7,0,0,13
Gaussian 3D Wide,0,0.1,0.9,2000,32,32,1.0,1.0,1.0,1949,11,0,0,9
Gaussian 3D Wide,0,0.1,0.9,2000,32,33,1.0,1.0,1.0,1936,8,0,0,12
Gaussian 3D Wide,0,0.1,0.9,2000,32,34,1.0,1.0,1.0,1999,10,0,0,10
Gaussian 3D Wide,0,0.1,0.9,2000,32,35,1.0,1.0,1.0,1998,9,0,0,11
Gaussian 3D Wide,0,0.1,0.9,2000,32,36,1.0,1.0,1.0,1974,12,0,0,8
Gaussian 3D Wide,0,0.1,0.9,2000,32,37,1.0,1.0,1.0,1975,10,0,0,10
Gaussian 3D Wide,0,0.1,0.9,2000,32,38,1.0,1.0,1.0,1990,7,0,0,13
Gaussian 3D Wide,0,0.1,0.9,2000,32,39,1.0,1.0,1.0,1985,12,0,0,8
Gaussian 3D Wide,0,0.1,0.9,2000,32,40,1.0,1.0,1.0,1998,11,0,0,9
Gaussian 3D Wide,0,0.1,0.9,2000,32,41,1.0,1.0,1.0,1991,12,0,0,8
Gaussian 3D Wide,0,0.1,0.9,2000,32,42,1.0,1.0,1.0,1991,10,0,0,10
Gaussian 3D Wide,0,0.1,0.9,2000,32,43,1.0,1.0,1.0,2000,10,0,0,10
Gaussian 3D Wide,0,0.1,0.9,2000,32,44,1.0,1.0,1.0,1958,8,0,0,12
Gaussian 3D Wide,0,0.1,0.9,2000,32,45,1.0,1.0,1.0,1990,8,0,0,12
Gaussian 3D Wide,0,0.1,0.9,2000,32,46,1.0,1.0,1.0,1949,13,0,0,7
Gaussian 3D Wide,0,0.1,0.9,2000,32,47,1.0,1.0,1.0,2000,11,0,0,9
Gaussian 3D Wide,0,0.1,0.9,2000,32,48,1.0,1.0,1.0,1997,11,0,0,9
Gaussian 3D Wide,0,0.1,0.9,2000,32,49,1.0,1.0,1.0,1999,7,0,0,13
Gaussian 3D Narrow,8,0.1,0.9,2000,32,0,1.0,1.0,1.0,1789,8,0,0,12
Gaussian 3D Narrow,8,0.1,0.9,2000,32,1,1.0,0.975,1.0,6,12,0,0,8
Gaussian 3D Narrow,8,0.1,0.9,2000,32,2,1.0,0.975,0.95,7,10,0,1,9
Gaussian 3D Narrow,8,0.1,0.9,2000,32,3,1.0,1.0,1.0,12,8,0,0,12
Gaussian 3D Narrow,8,0.1,0.9,2000,32,4,1.0,1.0,1.0,2000,8,0,0,12
Gaussian 3D Narrow,8,0.1,0.9,2000,32,5,1.0,1.0,1.0,1956,9,0,0,11
Gaussian 3D Narrow,8,0.1,0.9,2000,32,6,1.0,1.0,1.0,7,13,0,0,7
Gaussian 3D Narrow,8,0.1,0.9,2000,32,7,1.0,1.0,1.0,1942,9,0,0,11
Gaussian 3D Narrow,8,0.1,0.9,2000,32,8,1.0,1.0,1.0,1997,11,0,0,9
Gaussian 3D Narrow,8,0.1,0.9,2000,32,9,1.0,1.0,1.0,1959,10,0,0,10
Gaussian 3D Narrow,8,0.1,0.9,2000,32,10,1.0,1.0,1.0,5,9,0,0,11
Gaussian 3D Narrow,8,0.1,0.9,2000,32,11,1.0,1.0,1.0,1827,13,0,0,7
Gaussian 3D Narrow,8,0.1,0.9,2000,32,12,0.9928571428571429,0.925,1.0,2,9,0,0,11
Gaussian 3D Narrow,8,0.1,0.9,2000,32,13,1.0,1.0,1.0,1985,12,0,0,8
Gaussian 3D Narrow,8,0.1,0.9,2000,32,14,1.0,0.975,1.0,13,12,0,0,8
Gaussian 3D Narrow,8,0.1,0.9,2000,32,15,1.0,1.0,1.0,1987,9,0,0,11
Gaussian 3D Narrow,8,0.1,0.9,2000,32,16,1.0,1.0,1.0,2000,10,0,0,10
Gaussian 3D Narrow,8,0.1,0.9,2000,32,17,1.0,1.0,0.9,1783,13,0,2,5
Gaussian 3D Narrow,8,0.1,0.9,2000,32,18,1.0,1.0,1.0,2000,11,0,0,9
Gaussian 3D Narrow,8,0.1,0.9,2000,32,19,1.0,0.975,1.0,5,11,0,0,9
Gaussian 3D Narrow,8,0.1,0.9,2000,32,20,1.0,1.0,1.0,3,11,0,0,9
Gaussian 3D Narrow,8,0.1,0.9,2000,32,21,1.0,0.975,1.0,1997,8,0,0,12
Gaussian 3D Narrow,8,0.1,0.9,2000,32,22,1.0,1.0,1.0,1961,13,0,0,7
Gaussian 3D Narrow,8,0.1,0.9,2000,32,23,1.0,1.0,1.0,1964,11,0,0,9
Gaussian 3D Narrow,8,0.1,0.9,2000,32,24,1.0,1.0,1.0,1809,11,0,0,9
Gaussian 3D Narrow,8,0.1,0.9,2000,32,25,1.0,1.0,1.0,1955,10,0,0,10
Gaussian 3D Narrow,8,0.1,0.9,2000,32,26,1.0,1.0,1.0,1714,12,0,0,8
Gaussian 3D Narrow,8,0.1,0.9,2000,32,27,1.0,1.0,1.0,1992,10,0,0,10
Gaussian 3D Narrow,8,0.1,0.9,2000,32,28,1.0,1.0,1.0,1996,9,0,0,11
Gaussian 3D Narrow,8,0.1,0.9,2000,32,29,1.0,1.0,1.0,2000,8,0,0,12
Gaussian 3D Narrow,8,0.1,0.9,2000,32,30,1.0,1.0,1.0,5,12,0,0,8
Gaussian 3D Narrow,8,0.1,0.9,2000,32,31,1.0,1.0,1.0,1239,7,0,0,13
Gaussian 3D Narrow,8,0.1,0.9,2000,32,32,1.0,1.0,1.0,1601,11,0,0,9
Gaussian 3D Narrow,8,0.1,0.9,2000,32,33,1.0,1.0,1.0,1735,8,0,0,12
Gaussian 3D Narrow,8,0.1,0.9,2000,32,34,1.0,1.0,1.0,1995,10,0,0,10
Gaussian 3D Narrow,8,0.1,0.9,2000,32,35,1.0,1.0,0.95,5,9,0,1,10
Gaussian 3D Narrow,8,0.1,0.9,2000,32,36,1.0,1.0,1.0,1886,12,0,0,8
Gaussian 3D Narrow,8,0.1,0.9,2000,32,37,1.0,1.0,1.0,1446,10,0,0,10
Gaussian 3D Narrow,8,0.1,0.9,2000,32,38,1.0,1.0,1.0,7,7,0,0,13
Gaussian 3D Narrow,8,0.1,0.9,2000,32,39,1.0,1.0,1.0,1917,12,0,0,8
Gaussian 3D Narrow,8,0.1,0.9,2000,32,40,1.0,1.0,1.0,1935,11,0,0,9
Gaussian 3D Narrow,8,0.1,0.9,2000,32,41,1.0,1.0,1.0,7,12,0,0,8
Gaussian 3D Narrow,8,0.1,0.9,2000,32,42,1.0,1.0,1.0,1998,10,0,0,10
Gaussian 3D Narrow,8,0.1,0.9,2000,32,43,1.0,1.0,1.0,608,10,0,0,10
Gaussian 3D Narrow,8,0.1,0.9,2000,32,44,1.0,1.0,1.0,1974,8,0,0,12
Gaussian 3D Narrow,8,0.1,0.9,2000,32,45,1.0,1.0,1.0,1657,8,0,0,12
Gaussian 3D Narrow,8,0.1,0.9,2000,32,46,1.0,1.0,1.0,1616,13,0,0,7
Gaussian 3D Narrow,8,0.1,0.9,2000,32,47,1.0,1.0,1.0,1837,11,0,0,9
Gaussian 3D Narrow,8,0.1,0.9,2000,32,48,1.0,0.95,1.0,12,11,0,0,9
Gaussian 3D Narrow,8,0.1,0.9,2000,32,49,1.0,1.0,1.0,2000,7,0,0,13
Gaussian 3D Narrow,0,0.1,0.9,2000,32,0,1.0,1.0,1.0,1790,8,0,0,12
Gaussian 3D Narrow,0,0.1,0.9,2000,32,1,1.0,1.0,1.0,14,12,0,0,8
Gaussian 3D Narrow,0,0.1,0.9,2000,32,2,1.0,1.0,0.95,11,10,0,1,9
Gaussian 3D Narrow,0,0.1,0.9,2000,32,3,1.0,0.975,1.0,1976,8,0,0,12
Gaussian 3D Narrow,0,0.1,0.9,2000,32,4,1.0,1.0,1.0,1781,8,0,0,12
Gaussian 3D Narrow,0,0.1,0.9,2000,32,5,1.0,1.0,1.0,1969,9,0,0,11
Gaussian 3D Narrow,0,0.1,0.9,2000,32,6,1.0,1.0,1.0,12,13,0,0,7
Gaussian 3D Narrow,0,0.1,0.9,2000,32,7,1.0,1.0,1.0,1997,9,0,0,11
Gaussian 3D Narrow,0,0.1,0.9,2000,32,8,1.0,1.0,1.0,1997,11,0,0,9
Gaussian 3D Narrow,0,0.1,0.9,2000,32,9,1.0,1.0,1.0,2000,10,0,0,10
Gaussian 3D Narrow,0,0.1,0.9,2000,32,10,1.0,0.95,1.0,10,9,0,0,11
Gaussian 3D Narrow,0,0.1,0.9,2000,32,11,1.0,1.0,1.0,2000,13,0,0,7
Gaussian 3D Narrow,0,0.1,0.9,2000,32,12,1.0,1.0,1.0,8,9,0,0,11
Gaussian 3D Narrow,0,0.1,0.9,2000,32,13,1.0,1.0,1.0,1992,12,0,0,8
Gaussian 3D Narrow,0,0.1,0.9,2000,32,14,1.0,1.0,1.0,10,12,0,0,8
Gaussian 3D Narrow,0,0.1,0.9,2000,32,15,1.0,1.0,1.0,2000,9,0,0,11
Gaussian 3D Narrow,0,0.1,0.9,2000,32,16,1.0,1.0,1.0,2000,10,0,0,10
Gaussian 3D Narrow,0,0.1,0.9,2000,32,17,1.0,1.0,0.95,1993,13,0,1,6
Gaussian 3D Narrow,0,0.1,0.9,2000,32,18,1.0,1.0,1.0,2000,11,0,0,9
Gaussian 3D Narrow,0,0.1,0.9,2000,32,19,1.0,1.0,1.0,9,11,0,0,9
Gaussian 3D Narrow,0,0.1,0.9,2000,32,20,1.0,0.95,1.0,36,11,0,0,9
Gaussian 3D Narrow,0,0.1,0.9,2000,32,21,1.0,0.975,1.0,1998,8,0,0,12
Gaussian 3D Narrow,0,0.1,0.9,2000,32,22,1.0,1.0,1.0,1961,13,0,0,7
Gaussian 3D Narrow,0,0.1,0.9,2000,32,23,1.0,1.0,1.0,1987,11,0,0,9
Gaussian 3D Narrow,0,0.1,0.9,2000,32,24,1.0,1.0,1.0,1993,11,0,0,9
Gaussian 3D Narrow,0,0.1,0.9,2000,32,25,1.0,1.0,1.0,1955,10,0,0,10
Gaussian 3D Narrow,0,0.1,0.9,2000,32,26,1.0,1.0,1.0,1959,12,0,0,8
Gaussian 3D Narrow,0,0.1,0.9,2000,32,27,1.0,1.0,1.0,1999,10,0,0,10
Gaussian 3D Narrow,0,0.1,0.9,2000,32,28,1.0,1.0,1.0,1997,9,0,0,11
Gaussian 3D Narrow,0,0.1,0.9,2000,32,29,1.0,1.0,1.0,1999,8,0,0,12
Gaussian 3D Narrow,0,0.1,0.9,2000,32,30,1.0,1.0,1.0,12,12,0,0,8
Gaussian 3D Narrow,0,0.1,0.9,2000,32,31,1.0,1.0,1.0,1995,7,0,0,13
Gaussian 3D Narrow,0,0.1,0.9,2000,32,32,1.0,1.0,1.0,1894,11,0,0,9
Gaussian 3D Narrow,0,0.1,0.9,2000,32,33,1.0,1.0,1.0,1731,8,0,0,12
Gaussian 3D Narrow,0,0.1,0.9,2000,32,34,1.0,1.0,1.0,1998,10,0,0,10
Gaussian 3D Narrow,0,0.1,0.9,2000,32,35,1.0,0.975,0.95,12,9,0,1,10
Gaussian 3D Narrow,0,0.1,0.9,2000,32,36,1.0,1.0,1.0,1988,12,0,0,8
Gaussian 3D Narrow,0,0.1,0.9,2000,32,37,1.0,1.0,1.0,1998,10,0,0,10
Gaussian 3D Narrow,0,0.1,0.9,2000,32,38,1.0,1.0,1.0,44,7,0,0,13
Gaussian 3D Narrow,0,0.1,0.9,2000,32,39,1.0,1.0,1.0,2000,12,0,0,8
Gaussian 3D Narrow,0,0.1,0.9,2000,32,40,1.0,1.0,1.0,1622,11,0,0,9
Gaussian 3D Narrow,0,0.1,0.9,2000,32,41,1.0,0.975,1.0,87,12,0,0,8
Gaussian 3D Narrow,0,0.1,0.9,2000,32,42,1.0,1.0,1.0,2000,10,0,0,10
Gaussian 3D Narrow,0,0.1,0.9,2000,32,43,1.0,1.0,1.0,1898,10,0,0,10
Gaussian 3D Narrow,0,0.1,0.9,2000,32,44,1.0,1.0,1.0,2000,8,0,0,12
Gaussian 3D Narrow,0,0.1,0.9,2000,32,45,1.0,1.0,1.0,1768,8,0,0,12
Gaussian 3D Narrow,0,0.1,0.9,2000,32,46,1.0,1.0,1.0,1993,13,0,0,7
Gaussian 3D Narrow,0,0.1,0.9,2000,32,47,1.0,1.0,1.0,1881,11,0,0,9
Gaussian 3D Narrow,0,0.1,0.9,2000,32,48,1.0,0.95,1.0,30,11,0,0,9
Gaussian 3D Narrow,0,0.1,0.9,2000,32,49,1.0,1.0,1.0,2000,7,0,0,13
Gaussian 3D Overlap,8,0.1,0.9,2000,32,0,0.9642857142857143,0.975,0.95,5,7,1,0,12
Gaussian 3D Overlap,8,0.1,0.9,2000,32,1,0.9785714285714285,0.925,1.0,3,12,0,0,8
Gaussian 3D Overlap,8,0.1,0.9,2000,32,2,0.9428571428571428,0.975,1.0,4,10,0,0,10
Gaussian 3D Overlap,8,0.1,0.9,2000,32,3,0.9857142857142858,0.9,0.95,3,8,0,1,11
Gaussian 3D Overlap,8,0.1,0.9,2000,32,4,0.9714285714285714,0.95,1.0,3,8,0,0,12
Gaussian 3D Overlap,8,0.1,0.9,2000,32,5,0.9642857142857143,0.975,1.0,47,9,0,0,11
Gaussian 3D Overlap,8,0.1,0.9,2000,32,6,0.95,1.0,1.0,6,13,0,0,7
Gaussian 3D Overlap,8,0.1,0.9,2000,32,7,0.9571428571428572,0.975,0.95,8,8,1,0,11
Gaussian 3D Overlap,8,0.1,0.9,2000,32,8,0.9785714285714285,0.975,0.9,5,10,1,1,8
Gaussian 3D Overlap,8,0.1,0.9,2000,32,9,0.9571428571428572,0.95,1.0,3,10,0,0,10
Gaussian 3D Overlap,8,0.1,0.9,2000,32,10,0.9785714285714285,1.0,0.95,73,9,0,1,10
Gaussian 3D Overlap,8,0.1,0.9,2000,32,11,0.9785714285714285,0.95,0.9,67,12,1,1,6
Gaussian 3D Overlap,8,0.1,0.9,2000,32,12,0.9571428571428572,0.975,1.0,14,9,0,0,11
Gaussian 3D Overlap,8,0.1,0.9,2000,32,13,0.9785714285714285,0.975,0.9,12,11,1,1,7
Gaussian 3D Overlap,8,0.1,0.9,2000,32,14,0.9714285714285714,0.95,0.95,81,11,1,0,8
Gaussian 3D Overlap,8,0.1,0.9,2000,32,15,1.0,1.0,0.95,2000,9,0,1,10
Gaussian 3D Overlap,8,0.1,0.9,2000,32,16,0.9785714285714285,0.9,1.0,3,10,0,0,10
Gaussian 3D Overlap,8,0.1,0.9,2000,32,17,0.9571428571428572,0.975,0.9,91,11,2,0,7
Gaussian 3D Overlap,8,0.1,0.9,2000,32,18,0.9357142857142857,1.0,1.0,7,11,0,0,9
Gaussian 3D Overlap,8,0.1,0.9,2000,32,19,0.9642857142857143,0.925,0.85,3,8,3,0,9
Gaussian 3D Overlap,8,0.1,0.9,2000,32,20,1.0,1.0,0.85,1998,11,0,3,6
Gaussian 3D Overlap,8,0.1,0.9,2000,32,21,0.9714285714285714,0.925,1.0,3,8,0,0,12
Gaussian 3D Overlap,8,0.1,0.9,2000,32,22,0.9785714285714285,0.95,0.95,2,12,1,0,7
Gaussian 3D Overlap,8,0.1,0.9,2000,32,23,0.9785714285714285,0.9,0.95,3,11,0,1,8
Gaussian 3D Overlap,8,0.1,0.9,2000,32,24,0.9642857142857143,0.95,0.95,18,10,1,0,9
Gaussian 3D Overlap,8,0.1,0.9,2000,32,25,0.9714285714285714,0.95,1.0,2,10,0,0,10
Gaussian 3D Overlap,8,0.1,0.9,2000,32,26,0.9571428571428572,1.0,0.95,7,11,1,0,8
Gaussian 3D Overlap,8,0.1,0.9,2000,32,27,0.95,0.95,1.0,14,10,0,0,10
Gaussian 3D Overlap,8,0.1,0.9,2000,32,28,0.9571428571428572,0.975,1.0,30,9,0,0,11
Gaussian 3D Overlap,8,0.1,0.9,2000,32,29,0.9571428571428572,0.95,1.0,23,8,0,0,12
Gaussian 3D Overlap,8,0.1,0.9,2000,32,30,0.9642857142857143,0.925,0.95,2,11,1,0,8
Gaussian 3D Overlap,8,0.1,0.9,2000,32,31,0.9571428571428572,1.0,0.95,7,6,1,0,13
Gaussian 3D Overlap,8,0.1,0.9,2000,32,32,0.9714285714285714,0.975,0.95,3,11,0,1,8
Gaussian 3D Overlap,8,0.1,0.9,2000,32,33,0.9571428571428572,0.975,0.95,38,7,1,0,12
Gaussian 3D Overlap,8,0.1,0.9,2000,32,34,0.9785714285714285,0.95,0.95,40,10,0,1,9
Gaussian 3D Overlap,8,0.1,0.9,2000,32,35,0.9571428571428572,1.0,0.95,7,8,1,0,11
Gaussian 3D Overlap,8,0.1,0.9,2000,32,36,0.9571428571428572,0.975,1.0,4,12,0,0,8
Gaussian 3D Overlap,8,0.1,0.9,2000,32,37,0.9571428571428572,0.975,0.95,5,10,0,1,9
Gaussian 3D Overlap,8,0.1,0.9,2000,32,38,0.9714285714285714,0.95,0.95,61,6,1,0,13
Gaussian 3D Overlap,8,0.1,0.9,2000,32,39,0.9714285714285714,0.925,1.0,3,12,0,0,8
Gaussian 3D Overlap,8,0.1,0.9,2000,32,40,0.9714285714285714,0.975,0.9,3,10,1,1,8
Gaussian 3D Overlap,8,0.1,0.9,2000,32,41,0.9571428571428572,0.925,0.95,3,11,1,0,8
Gaussian 3D Overlap,8,0.1,0.9,2000,32,42,0.9642857142857143,0.95,0.95,103,10,0,1,9
Gaussian 3D Overlap,8,0.1,0.9,2000,32,43,1.0,1.0,0.85,1907,8,2,1,9
Gaussian 3D Overlap,8,0.1,0.9,2000,32,44,0.9857142857142858,1.0,0.85,166,6,2,1,11
Gaussian 3D Overlap,8,0.1,0.9,2000,32,45,0.9642857142857143,1.0,0.9,9,7,1,1,11
Gaussian 3D Overlap,8,0.1,0.9,2000,32,46,0.9928571428571429,1.0,1.0,1138,13,0,0,7
Gaussian 3D Overlap,8,0.1,0.9,2000,32,47,0.9571428571428572,1.0,1.0,73,11,0,0,9
Gaussian 3D Overlap,8,0.1,0.9,2000,32,48,0.95,0.95,0.95,2,10,1,0,9
Gaussian 3D Overlap,8,0.1,0.9,2000,32,49,0.9642857142857143,0.925,0.95,3,7,0,1,12
Gaussian 3D Overlap,0,0.1,0.9,2000,32,0,0.9642857142857143,0.95,0.95,1135,7,1,0,12
Gaussian 3D Overlap,0,0.1,0.9,2000,32,1,0.9714285714285714,0.9,1.0,5,12,0,0,8
Gaussian 3D Overlap,0,0.1,0.9,2000,32,2,0.9428571428571428,0.975,1.0,1171,10,0,0,10
Gaussian 3D Overlap,0,0.1,0.9,2000,32,3,0.9857142857142858,0.9,0.95,4,8,0,1,11
Gaussian 3D Overlap,0,0.1,0.9,2000,32,4,0.9571428571428572,0.95,1.0,8,8,0,0,12
Gaussian 3D Overlap,0,0.1,0.9,2000,32,5,0.9571428571428572,0.95,1.0,857,9,0,0,11
Gaussian 3D Overlap,0,0.1,0.9,2000,32,6,0.95,0.975,1.0,12,13,0,0,7
Gaussian 3D Overlap,0,0.1,0.9,2000,32,7,0.9642857142857143,0.975,0.95,1666,8,1,0,11
Gaussian 3D Overlap,0,0.1,0.9,2000,32,8,0.9785714285714285,0.95,0.9,430,10,1,1,8
Gaussian 3D Overlap,0,0.1,0.9,2000,32,9,0.9642857142857143,0.95,1.0,1109,10,0,0,10
Gaussian 3D Overlap,0,0.1,0.9,2000,32,10,0.95,0.975,0.95,1481,9,0,1,10
Gaussian 3D Overlap,0,0.1,0.9,2000,32,11,0.9642857142857143,0.95,0.95,1484,12,1,0,7
Gaussian 3D Overlap,0,0.1,0.9,2000,32,12,0.95,0.975,1.0,747,9,0,0,11
Gaussian 3D Overlap,0,0.1,0.9,2000,32,13,0.9714285714285714,0.975,0.9,53,11,1,1,7
Gaussian 3D Overlap,0,0.1,0.9,2000,32,14,0.9571428571428572,0.975,0.95,8,11,1,0,8
Gaussian 3D Overlap,0,0.1,0.9,2000,32,15,0.95,0.975,1.0,1647,9,0,0,11
Gaussian 3D Overlap,0,0.1,0.9,2000,32,16,0.9785714285714285,0.9,1.0,5,10,0,0,10
Gaussian 3D Overlap,0,0.1,0.9,2000,32,17,0.9571428571428572,0.975,0.9,633,11,2,0,7
Gaussian 3D Overlap,0,0.1,0.9,2000,32,18,0.9428571428571428,1.0,1.0,806,11,0,0,9
Gaussian 3D Overlap,0,0.1,0.9,2000,32,19,0.9714285714285714,0.925,0.9,3,9,2,0,9
Gaussian 3D Overlap,0,0.1,0.9,2000,32,20,0.9571428571428572,1.0,0.95,631,11,0,1,8
Gaussian 3D Overlap,0,0.1,0.9,2000,32,21,0.9714285714285714,0.925,1.0,4,8,0,0,12
Gaussian 3D Overlap,0,0.1,0.9,2000,32,22,0.9714285714285714,0.95,0.95,16,12,1,0,7
Gaussian 3D Overlap,0,0.1,0.9,2000,32,23,0.9785714285714285,0.9,1.0,8,11,0,0,9
Gaussian 3D Overlap,0,0.1,0.9,2000,32,24,0.9642857142857143,0.95,0.95,421,10,1,0,9
Gaussian 3D Overlap,0,0.1,0.9,2000,32,25,0.9642857142857143,0.925,1.0,28,10,0,0,10
Gaussian 3D Overlap,0,0.1,0.9,2000,32,26,0.95,1.0,0.95,658,11,1,0,8
Gaussian 3D Overlap,0,0.1,0.9,2000,32,27,0.95,0.975,1.0,7,10,0,0,10
Gaussian 3D Overlap,0,0.1,0.9,2000,32,28,0.9428571428571428,0.975,1.0,56,9,0,0,11
Gaussian 3D Overlap,0,0.1,0.9,2000,32,29,0.9571428571428572,0.95,1.0,9,8,0,0,12
Gaussian 3D Overlap,0,0.1,0.9,2000,32,30,0.9785714285714285,0.925,0.95,4,11,1,0,8
Gaussian 3D Overlap,0,0.1,0.9,2000,32,31,0.9571428571428572,1.0,0.95,1711,6,1,0,13
Gaussian 3D Overlap,0,0.1,0.9,2000,32,32,0.9642857142857143,0.975,0.95,13,11,0,1,8
Gaussian 3D Overlap,0,0.1,0.9,2000,32,33,0.9571428571428572,0.975,0.95,38,7,1,0,12
Gaussian 3D Overlap,0,0.1,0.9,2000,32,34,0.9714285714285714,0.925,0.95,73,10,0,1,9
Gaussian 3D Overlap,0,0.1,0.9,2000,32,35,0.95,1.0,0.95,1710,8,1,0,11
Gaussian 3D Overlap,0,0.1,0.9,2000,32,36,0.9571428571428572,0.925,1.0,15,12,0,0,8
Gaussian 3D Overlap,0,0.1,0.9,2000,32,37,0.9642857142857143,0.975,1.0,6,10,0,0,10
Gaussian 3D Overlap,0,0.1,0.9,2000,32,38,0.9642857142857143,0.95,0.95,711,6,1,0,13
Gaussian 3D Overlap,0,0.1,0.9,2000,32,39,0.9642857142857143,0.925,1.0,36,12,0,0,8
Gaussian 3D Overlap,0,0.1,0.9,2000,32,40,0.9785714285714285,0.975,0.9,9,10,1,1,8
Gaussian 3D Overlap,0,0.1,0.9,2000,32,41,0.9785714285714285,0.925,0.95,11,11,1,0,8
Gaussian 3D Overlap,0,0.1,0.9,2000,32,42,0.9642857142857143,0.975,0.95,7,10,0,1,9
Gaussian 3D Overlap,0,0.1,0.9,2000,32,43,0.9714285714285714,1.0,0.85,1349,8,2,1,9
Gaussian 3D Overlap,0,0.1,0.9,2000,32,44,0.9785714285714285,0.975,0.85,146,6,2,1,11
Gaussian 3D Overlap,0,0.1,0.9,2000,32,45,0.9642857142857143,1.0,0.9,787,7,1,1,11
Gaussian 3D Overlap,0,0.1,0.9,2000,32,46,0.9428571428571428,1.0,1.0,1759,13,0,0,7
Gaussian 3D Overlap,0,0.1,0.9,2000,32,47,0.95,1.0,1.0,8,11,0,0,9
Gaussian 3D Overlap,0,0.1,0.9,2000,32,48,0.9714285714285714,0.95,0.95,10,10,1,0,9
Gaussian 3D Overlap,0,0.1,0.9,2000,32,49,0.9642857142857143,0.95,1.0,6,7,0,0,13
Moons 2D Wide,8,0.1,0.9,2000,32,0,1.0,1.0,1.0,1918,54,0,0,46
Moons 2D Wide,8,0.1,0.9,2000,32,1,1.0,1.0,1.0,1995,37,0,0,63
Moons 2D Wide,8,0.1,0.9,2000,32,2,1.0,1.0,1.0,1975,52,0,0,48
Moons 2D Wide,8,0.1,0.9,2000,32,3,1.0,0.995,1.0,53,43,0,0,57
Moons 2D Wide,8,0.1,0.9,2000,32,4,1.0,1.0,1.0,1978,44,0,0,56
Moons 2D Wide,8,0.1,0.9,2000,32,5,1.0,1.0,1.0,1996,48,0,0,52
Moons 2D Wide,8,0.1,0.9,2000,32,6,1.0,1.0,1.0,1999,50,0,0,50
Moons 2D Wide,8,0.1,0.9,2000,32,7,1.0,1.0,1.0,1956,45,0,0,55
Moons 2D Wide,8,0.1,0.9,2000,32,8,1.0,0.995,1.0,90,57,0,0,43
Moons 2D Wide,8,0.1,0.9,2000,32,9,1.0,1.0,1.0,1905,48,0,0,52
Moons 2D Wide,8,0.1,0.9,2000,32,10,1.0,0.995,1.0,170,53,0,0,47
Moons 2D Wide,8,0.1,0.9,2000,32,11,1.0,1.0,1.0,1957,52,0,0,48
Moons 2D Wide,8,0.1,0.9,2000,32,12,1.0,1.0,1.0,1975,49,0,0,51
Moons 2D Wide,8,0.1,0.9,2000,32,13,1.0,1.0,1.0,1965,54,0,0,46
Moons 2D Wide,8,0.1,0.9,2000,32,14,1.0,1.0,1.0,335,51,0,0,49
Moons 2D Wide,8,0.1,0.9,2000,32,15,1.0,1.0,1.0,1987,57,0,0,43
Moons 2D Wide,8,0.1,0.9,2000,32,16,1.0,1.0,1.0,1517,44,0,0,56
Moons 2D Wide,8,0.1,0.9,2000,32,17,1.0,0.99,1.0,407,48,0,0,52
Moons 2D Wide,8,0.1,0.9,2000,32,18,1.0,1.0,1.0,1973,46,0,0,54
Moons 2D Wide,8,0.1,0.9,2000,32,19,1.0,1.0,1.0,1978,47,0,0,53
Moons 2D Wide,8,0.1,0.9,2000,32,20,1.0,1.0,1.0,1982,38,0,0,62
Moons 2D Wide,8,0.1,0.9,2000,32,21,1.0,1.0,1.0,1994,53,0,0,47
Moons 2D Wide,8,0.1,0.9,2000,32,22,1.0,1.0,1.0,1905,48,0,0,52
Moons 2D Wide,8,0.1,0.9,2000,32,23,1.0,1.0,1.0,448,53,0,0,47
Moons 2D Wide,8,0.1,0.9,2000,32,24,1.0,1.0,1.0,1983,53,0,0,47
Moons 2D Wide,8,0.1,0.9,2000,32,25,1.0,1.0,1.0,1985,60,0,0,40
Moons 2D Wide,8,0.1,0.9,2000,32,26,1.0,1.0,1.0,1927,44,0,0,56
Moons 2D Wide,8,0.1,0.9,2000,32,27,1.0,1.0,1.0,1919,44,0,0,56
Moons 2D Wide,8,0.1,0.9,2000,32,28,1.0,1.0,1.0,1875,38,0,0,62
Moons 2D Wide,8,0.1,0.9,2000,32,29,1.0,1.0,1.0,484,47,0,0,53
Moons 2D Wide,8,0.1,0.9,2000,32,30,1.0,1.0,1.0,1958,54,0,0,46
Moons 2D Wide,8,0.1,0.9,2000,32,31,1.0,1.0,1.0,1999,47,0,0,53
Moons 2D Wide,8,0.1,0.9,2000,32,32,1.0,1.0,1.0,1975,46,0,0,54
Moons 2D Wide,8,0.1,0.9,2000,32,33,1.0,0.995,1.0,1894,44,0,0,56
Moons 2D Wide,8,0.1,0.9,2000,32,34,1.0,1.0,1.0,2000,51,0,0,49
Moons 2D Wide,8,0.1,0.9,2000,32,35,1.0,1.0,1.0,642,44,0,0,56
Moons 2D Wide,8,0.1,0.9,2000,32,36,1.0,1.0,1.0,1984,49,0,0,51
Moons 2D Wide,8,0.1,0.9,2000,32,37,1.0,1.0,1.0,1995,47,0,0,53
Moons 2D Wide,8,0.1,0.9,2000,32,38,1.0,1.0,1.0,1993,49,0,0,51
Moons 2D Wide,8,0.1,0.9,2000,32,39,1.0,1.0,1.0,1997,41,0,0,59
Moons 2D Wide,8,0.1,0.9,2000,32,40,1.0,1.0,1.0,1976,49,0,0,51
Moons 2D Wide,8,0.1,0.9,2000,32,41,1.0,0.995,1.0,73,49,0,0,51
Moons 2D Wide,8,0.1,0.9,2000,32,42,1.0,0.995,1.0,499,46,0,0,54
Moons 2D Wide,8,0.1,0.9,2000,32,43,1.0,1.0,1.0,1989,58,0,0,42
Moons 2D Wide,8,0.1,0.9,2000,32,44,1.0,1.0,1.0,1985,49,0,0,51
Moons 2D Wide,8,0.1,0.9,2000,32,45,1.0,1.0,1.0,1995,46,0,0,54
Moons 2D Wide,8,0.1,0.9,2000,32,46,1.0,1.0,1.0,1983,53,0,0,47
Moons 2D Wide,8,0.1,0.9,2000,32,47,1.0,0.995,1.0,138,46,0,0,54
Moons 2D Wide,8,0.1,0.9,2000,32,48,1.0,0.995,1.0,282,54,0,0,46
Moons 2D Wide,8,0.1,0.9,2000,32,49,1.0,1.0,1.0,1973,46,0,0,54
Moons 2D Wide,0,0.1,0.9,2000,32,0,0.8628571428571429,0.91,0.94,670,49,5,1,45
Moons 2D Wide,0,0.1,0.9,2000,32,1,0.8857142857142857,0.89,0.84,1086,32,5,11,52
Moons 2D Wide,0,0.1,0.9,2000,32,2,0.88,0.875,0.86,1394,45,7,7,41
Moons 2D Wide,0,0.1,0.9,2000,32,3,0.8885714285714286,0.87,0.86,796,38,5,9,48
Moons 2D Wide,0,0.1,0.9,2000,32,4,0.87,0.885,0.93,1159,38,6,1,55
Moons 2D Wide,0,0.1,0.9,2000,32,5,0.8828571428571429,0.885,0.86,851,42,6,8,44
Moons 2D Wide,0,0.1,0.9,2000,32,6,0.8714285714285714,0.89,0.95,2,50,0,5,45
Moons 2D Wide,0,0.1,0.9,2000,32,7,0.8757142857142857,0.865,0.92,280,42,3,5,50
Moons 2D Wide,0,0.1,0.9,2000,32,8,0.8685714285714285,0.885,0.94,1465,52,5,1,42
Moons 2D Wide,0,0.1,0.9,2000,32,9,0.8685714285714285,0.915,0.87,2,41,7,6,46
Moons 2D Wide,0,0.1,0.9,2000,32,10,0.8814285714285715,0.875,0.86,2,45,8,6,41
Moons 2D Wide,0,0.1,0.9,2000,32,11,0.8814285714285715,0.88,0.86,551,46,6,8,40
Moons 2D Wide,0,0.1,0.9,2000,32,12,0.8671428571428571,0.91,0.88,346,44,5,7,44
Moons 2D Wide,0,0.1,0.9,2000,32,13,0.8814285714285715,0.885,0.88,240,48,6,6,40
Moons 2D Wide,0,0.1,0.9,2000,32,14,0.8771428571428571,0.895,0.86,1230,42,9,5,44
Moons 2D Wide,0,0.1,0.9,2000,32,15,0.8757142857142857,0.87,0.9,1463,49,8,2,41
Moons 2D Wide,0,0.1,0.9,2000,32,16,0.8814285714285715,0.86,0.89,999,36,8,3,53
Moons 2D Wide,0,0.1,0.9,2000,32,17,0.8928571428571429,0.855,0.85,1563,42,6,9,43
Moons 2D Wide,0,0.1,0.9,2000,32,18,0.8771428571428571,0.89,0.86,1210,39,7,7,47
Moons 2D Wide,0,0.1,0.9,2000,32,19,0.8771428571428571,0.895,0.89,1799,44,3,8,45
Moons 2D Wide,0,0.1,0.9,2000,32,20,0.8757142857142857,0.895,0.88,651,34,4,8,54
Moons 2D Wide,0,0.1,0.9,2000,32,21,0.8814285714285715,0.885,0.84,1577,44,9,7,40
Moons 2D Wide,0,0.1,0.9,2000,32,22,0.8928571428571429,0.86,0.84,1561,41,7,9,43
Moons 2D Wide,0,0.1,0.9,2000,32,23,0.8714285714285714,0.895,0.9,359,50,3,7,40
Moons 2D Wide,0,0.1,0.9,2000,32,24,0.8842857142857142,0.865,0.9,357,49,4,6,41
Moons 2D Wide,0,0.1,0.9,2000,32,25,0.87,0.87,0.95,702,57,3,2,38
Moons 2D Wide,0,0.1,0.9,2000,32,26,0.8857142857142857,0.855,0.91,124,41,3,6,50
Moons 2D Wide,0,0.1,0.9,2000,32,27,0.8785714285714286,0.895,0.88,773,40,4,8,48
Moons 2D Wide,0,0.1,0.9,2000,32,28,0.8842857142857142,0.895,0.84,726,29,9,7,55
Moons 2D Wide,0,0.1,0.9,2000,32,29,0.8742857142857143,0.88,0.91,1363,43,4,5,48
Moons 2D Wide,0,0.1,0.9,2000,32,30,0.8857142857142857,0.855,0.88,6,46,8,4,42
Moons 2D Wide,0,0.1,0.9,2000,32,31,0.8814285714285715,0.865,0.9,107,42,5,5,48
Moons 2D Wide,0,0.1,0.9,2000,32,32,0.8828571428571429,0.88,0.88,1606,42,4,8,46
Moons 2D Wide,0,0.1,0.9,2000,32,33,0.8757142857142857,0.885,0.88,698,38,6,6,50
Moons 2D Wide,0,0.1,0.9,2000,32,34,0.8814285714285715,0.87,0.84,2,42,9,7,42
Moons 2D Wide,0,0.1,0.9,2000,32,35,0.8742857142857143,0.895,0.87,1307,39,5,8,48
Moons 2D Wide,0,0.1,0.9,2000,32,36,0.8685714285714285,0.895,0.92,3,47,2,6,45
Moons 2D Wide,0,0.1,0.9,2000,32,37,0.8871428571428571,0.87,0.86,1308,41,6,8,45
Moons 2D Wide,0,0.1,0.9,2000,32,38,0.8914285714285715,0.865,0.83,407,41,8,9,42
Moons 2D Wide,0,0.1,0.9,2000,32,39,0.8828571428571429,0.88,0.88,493,37,4,8,51
Moons 2D Wide,0,0.1,0.9,2000,32,40,0.8928571428571429,0.855,0.83,741,38,11,6,45
Moons 2D Wide,0,0.1,0.9,2000,32,41,0.88,0.905,0.83,2,40,9,8,43
Moons 2D Wide,0,0.1,0.9,2000,32,42,0.8842857142857142,0.855,0.88,1384,38,8,4,50
Moons 2D Wide,0,0.1,0.9,2000,32,43,0.8928571428571429,0.87,0.79,1071,43,15,6,36
Moons 2D Wide,0,0.1,0.9,2000,32,44,0.8728571428571429,0.905,0.89,1147,44,5,6,45
Moons 2D Wide,0,0.1,0.9,2000,32,45,0.8828571428571429,0.875,0.87,26,44,2,11,43
Moons 2D Wide,0,0.1,0.9,2000,32,46,0.87,0.89,0.91,3,49,4,5,42
Moons 2D Wide,0,0.1,0.9,2000,32,47,0.8828571428571429,0.88,0.88,627,41,5,7,47
Moons 2D Wide,0,0.1,0.9,2000,32,48,0.8814285714285715,0.875,0.87,1114,47,7,6,40
Moons 2D Wide,0,0.1,0.9,2000,32,49,0.8785714285714286,0.895,0.83,613,39,7,10,44
Moons 2D Narrow,8,0.1,0.9,2000,32,0,0.9985714285714286,0.995,1.0,88,54,0,0,46
Moons 2D Narrow,8,0.1,0.9,2000,32,1,1.0,0.995,1.0,130,37,0,0,63
Moons 2D Narrow,8,0.1,0.9,2000,32,2,1.0,0.995,0.99,143,51,1,0,48
Moons 2D Narrow,8,0.1,0.9,2000,32,3,1.0,0.99,1.0,42,43,0,0,57
Moons 2D Narrow,8,0.1,0.9,2000,32,4,1.0,1.0,1.0,1994,44,0,0,56
Moons 2D Narrow,8,0.1,0.9,2000,32,5,1.0,0.995,1.0,164,48,0,0,52
Moons 2D Narrow,8,0.1,0.9,2000,32,6,1.0,0.985,1.0,58,50,0,0,50
Moons 2D Narrow,8,0.1,0.9,2000,32,7,0.9985714285714286,1.0,1.0,505,45,0,0,55
Moons 2D Narrow,8,0.1,0.9,2000,32,8,1.0,0.995,1.0,90,57,0,0,43
Moons 2D Narrow,8,0.1,0.9,2000,32,9,0.9985714285714286,1.0,1.0,73,48,0,0,52
Moons 2D Narrow,8,0.1,0.9,2000,32,10,1.0,0.99,1.0,66,53,0,0,47
Moons 2D Narrow,8,0.1,0.9,2000,32,11,1.0,1.0,1.0,1993,52,0,0,48
Moons 2D Narrow,8,0.1,0.9,2000,32,12,1.0,1.0,0.99,1978,48,1,0,51
Moons 2D Narrow,8,0.1,0.9,2000,32,13,1.0,1.0,0.99,1961,53,1,0,46
Moons 2D Narrow,8,0.1,0.9,2000,32,14,1.0,0.995,0.99,183,50,1,0,49
Moons 2D Narrow,8,0.1,0.9,2000,32,15,1.0,1.0,1.0,1999,57,0,0,43
Moons 2D Narrow,8,0.1,0.9,2000,32,16,0.9985714285714286,0.995,1.0,214,44,0,0,56
Moons 2D Narrow,8,0.1,0.9,2000,32,17,0.9985714285714286,0.99,1.0,74,48,0,0,52
Moons 2D Narrow,8,0.1,0.9,2000,32,18,1.0,1.0,1.0,1939,46,0,0,54
Moons 2D Narrow,8,0.1,0.9,2000,32,19,1.0,1.0,1.0,1944,47,0,0,53
Moons 2D Narrow,8,0.1,0.9,2000,32,20,0.9985714285714286,1.0,1.0,1620,38,0,0,62
Moons 2D Narrow,8,0.1,0.9,2000,32,21,1.0,0.995,1.0,179,53,0,0,47
Moons 2D Narrow,8,0.1,0.9,2000,32,22,0.9985714285714286,0.995,1.0,279,48,0,0,52
Moons 2D Narrow,8,0.1,0.9,2000,32,23,0.9985714285714286,0.995,1.0,232,53,0,0,47
Moons 2D Narrow,8,0.1,0.9,2000,32,24,0.9985714285714286,1.0,1.0,210,53,0,0,47
Moons 2D Narrow,8,0.1,0.9,2000,32,25,1.0,1.0,0.99,1996,59,1,0,40
Moons 2D Narrow,8,0.1,0.9,2000,32,26,1.0,1.0,1.0,1972,44,0,0,56
Moons 2D Narrow,8,0.1,0.9,2000,32,27,1.0,1.0,0.99,1940,44,0,1,55
Moons 2D Narrow,8,0.1,0.9,2000,32,28,1.0,1.0,1.0,1715,38,0,0,62
Moons 2D Narrow,8,0.1,0.9,2000,32,29,1.0,1.0,0.99,76,46,1,0,53
Moons 2D Narrow,8,0.1,0.9,2000,32,30,1.0,1.0,1.0,1951,54,0,0,46
Moons 2D Narrow,8,0.1,0.9,2000,32,31,1.0,0.995,1.0,107,47,0,0,53
Moons 2D Narrow,8,0.1,0.9,2000,32,32,0.9985714285714286,1.0,1.0,96,46,0,0,54
Moons 2D Narrow,8,0.1,0.9,2000,32,33,1.0,0.985,0.99,47,43,1,0,56
Moons 2D Narrow,8,0.1,0.9,2000,32,34,1.0,0.995,1.0,130,51,0,0,49
Moons 2D Narrow,8,0.1,0.9,2000,32,35,0.9985714285714286,0.995,1.0,88,44,0,0,56
Moons 2D Narrow,8,0.1,0.9,2000,32,36,0.9985714285714286,1.0,0.99,1947,48,1,0,51
Moons 2D Narrow,8,0.1,0.9,2000,32,37,0.9985714285714286,1.0,1.0,533,47,0,0,53
Moons 2D Narrow,8,0.1,0.9,2000,32,38,1.0,0.995,1.0,129,49,0,0,51
Moons 2D Narrow,8,0.1,0.9,2000,32,39,1.0,0.995,1.0,150,41,0,0,59
Moons 2D Narrow,8,0.1,0.9,2000,32,40,0.9985714285714286,0.995,0.99,75,49,0,1,50
Moons 2D Narrow,8,0.1,0.9,2000,32,41,1.0,0.995,1.0,108,49,0,0,51
Moons 2D Narrow,8,0.1,0.9,2000,32,42,0.9985714285714286,0.985,1.0,137,46,0,0,54
Moons 2D Narrow,8,0.1,0.9,2000,32,43,1.0,1.0,1.0,1958,58,0,0,42
Moons 2D Narrow,8,0.1,0.9,2000,32,44,1.0,0.995,1.0,111,49,0,0,51
Moons 2D Narrow,8,0.1,0.9,2000,32,45,1.0,0.995,1.0,68,46,0,0,54
Moons 2D Narrow,8,0.1,0.9,2000,32,46,1.0,0.995,1.0,67,53,0,0,47
Moons 2D Narrow,8,0.1,0.9,2000,32,47,1.0,0.995,1.0,51,46,0,0,54
Moons 2D Narrow,8,0.1,0.9,2000,32,48,1.0,0.995,1.0,55,54,0,0,46
Moons 2D Narrow,8,0.1,0.9,2000,32,49,1.0,1.0,1.0,1326,46,0,0,54
Moons 2D Narrow,0,0.1,0.9,2000,32,0,0.8571428571428571,0.905,0.96,670,50,4,0,46
Moons 2D Narrow,0,0.1,0.9,2000,32,1,0.8828571428571429,0.88,0.83,1804,32,5,12,51
Moons 2D Narrow,0,0.1,0.9,2000,32,2,0.8785714285714286,0.88,0.86,1394,45,7,7,41
Moons 2D Narrow,0,0.1,0.9,2000,32,3,0.8842857142857142,0.875,0.85,796,38,5,10,47
Moons 2D Narrow,0,0.1,0.9,2000,32,4,0.8657142857142858,0.885,0.92,1159,38,6,2,54
Moons 2D Narrow,0,0.1,0.9,2000,32,5,0.8785714285714286,0.89,0.85,626,41,7,8,44
Moons 2D Narrow,0,0.1,0.9,2000,32,6,0.8671428571428571,0.88,0.95,2,49,1,4,46
Moons 2D Narrow,0,0.1,0.9,2000,32,7,0.8742857142857143,0.865,0.92,482,41,4,4,51
Moons 2D Narrow,0,0.1,0.9,2000,32,8,0.8671428571428571,0.88,0.94,420,52,5,1,42
Moons 2D Narrow,0,0.1,0.9,2000,32,9,0.8671428571428571,0.91,0.87,2,41,7,6,46
Moons 2D Narrow,0,0.1,0.9,2000,32,10,0.8742857142857143,0.885,0.86,2,46,7,7,40
Moons 2D Narrow,0,0.1,0.9,2000,32,11,0.8814285714285715,0.875,0.85,519,45,7,8,40
Moons 2D Narrow,0,0.1,0.9,2000,32,12,0.8642857142857143,0.91,0.9,346,45,4,6,45
Moons 2D Narrow,0,0.1,0.9,2000,32,13,0.8771428571428571,0.885,0.87,1570,48,6,7,39
Moons 2D Narrow,0,0.1,0.9,2000,32,14,0.8757142857142857,0.89,0.84,499,41,10,6,43
Moons 2D Narrow,0,0.1,0.9,2000,32,15,0.8742857142857143,0.87,0.9,1463,49,8,2,41
Moons 2D Narrow,0,0.1,0.9,2000,32,16,0.88,0.86,0.88,999,35,9,3,53
Moons 2D Narrow,0,0.1,0.9,2000,32,17,0.8871428571428571,0.87,0.84,1844,41,7,9,43
Moons 2D Narrow,0,0.1,0.9,2000,32,18,0.8785714285714286,0.895,0.85,1019,38,8,7,47
Moons 2D Narrow,0,0.1,0.9,2000,32,19,0.8757142857142857,0.885,0.88,1799,43,4,8,45
Moons 2D Narrow,0,0.1,0.9,2000,32,20,0.8728571428571429,0.895,0.85,145,32,6,9,53
Moons 2D Narrow,0,0.1,0.9,2000,32,21,0.8785714285714286,0.885,0.85,1577,44,9,6,41
Moons 2D Narrow,0,0.1,0.9,2000,32,22,0.8885714285714286,0.85,0.83,1561,40,8,9,43
Moons 2D Narrow,0,0.1,0.9,2000,32,23,0.8728571428571429,0.885,0.89,359,49,4,7,40
Moons 2D Narrow,0,0.1,0.9,2000,32,24,0.8785714285714286,0.865,0.9,357,49,4,6,41
Moons 2D Narrow,0,0.1,0.9,2000,32,25,0.87,0.87,0.95,1431,57,3,2,38
Moons 2D Narrow,0,0.1,0.9,2000,32,26,0.8814285714285715,0.85,0.91,124,41,3,6,50
Moons 2D Narrow,0,0.1,0.9,2000,32,27,0.8714285714285714,0.9,0.88,4,40,4,8,48
Moons 2D Narrow,0,0.1,0.9,2000,32,28,0.8785714285714286,0.895,0.84,3,29,9,7,55
Moons 2D Narrow,0,0.1,0.9,2000,32,29,0.8685714285714285,0.885,0.9,1363,42,5,5,48
Moons 2D Narrow,0,0.1,0.9,2000,32,30,0.8814285714285715,0.86,0.88,6,46,8,4,42
Moons 2D Narrow,0,0.1,0.9,2000,32,31,0.8814285714285715,0.86,0.88,107,41,6,6,47
Moons 2D Narrow,0,0.1,0.9,2000,32,32,0.8785714285714286,0.875,0.88,1606,42,4,8,46
Moons 2D Narrow,0,0.1,0.9,2000,32,33,0.8757142857142857,0.885,0.87,1872,38,6,7,49
Moons 2D Narrow,0,0.1,0.9,2000,32,34,0.8828571428571429,0.865,0.84,802,42,9,7,42
Moons 2D Narrow,0,0.1,0.9,2000,32,35,0.8728571428571429,0.895,0.87,1307,39,5,8,48
Moons 2D Narrow,0,0.1,0.9,2000,32,36,0.8628571428571429,0.895,0.92,3,47,2,6,45
Moons 2D Narrow,0,0.1,0.9,2000,32,37,0.8842857142857142,0.86,0.87,1121,41,6,7,46
Moons 2D Narrow,0,0.1,0.9,2000,32,38,0.8914285714285715,0.84,0.84,407,42,7,9,42
Moons 2D Narrow,0,0.1,0.9,2000,32,39,0.8785714285714286,0.87,0.88,968,37,4,8,51
Moons 2D Narrow,0,0.1,0.9,2000,32,40,0.8914285714285715,0.85,0.83,1359,38,11,6,45
Moons 2D Narrow,0,0.1,0.9,2000,32,41,0.8757142857142857,0.9,0.83,2,40,9,8,43
Moons 2D Narrow,0,0.1,0.9,2000,32,42,0.8814285714285715,0.855,0.88,1384,38,8,4,50
Moons 2D Narrow,0,0.1,0.9,2000,32,43,0.8928571428571429,0.865,0.78,1071,42,16,6,36
Moons 2D Narrow,0,0.1,0.9,2000,32,44,0.8685714285714285,0.91,0.88,1147,43,6,6,45
Moons 2D Narrow,0,0.1,0.9,2000,32,45,0.8785714285714286,0.875,0.87,26,44,2,11,43
Moons 2D Narrow,0,0.1,0.9,2000,32,46,0.8685714285714285,0.89,0.9,39,48,5,5,42
Moons 2D Narrow,0,0.1,0.9,2000,32,47,0.8742857142857143,0.875,0.89,627,42,4,7,47
Moons 2D Narrow,0,0.1,0.9,2000,32,48,0.8785714285714286,0.88,0.85,1114,46,8,7,39
Moons 2D Narrow,0,0.1,0.9,2000,32,49,0.8828571428571429,0.88,0.82,170,38,8,10,44
Moons 2D Overlap,8,0.1,0.9,2000,32,0,0.9428571428571428,0.935,0.94,35,50,4,2,44
Moons 2D Overlap,8,0.1,0.9,2000,32,1,0.9428571428571428,0.955,0.9,129,35,2,8,55
Moons 2D Overlap,8,0.1,0.9,2000,32,2,0.95,0.945,0.93,671,51,1,6,42
Moons 2D Overlap,8,0.1,0.9,2000,32,3,0.9342857142857143,0.925,0.95,28,41,2,3,54
Moons 2D Overlap,8,0.1,0.9,2000,32,4,0.94,0.955,0.98,49,42,2,0,56
Moons 2D Overlap,8,0.1,0.9,2000,32,5,0.9371428571428572,0.925,0.92,36,47,1,7,45
Moons 2D Overlap,8,0.1,0.9,2000,32,6,0.9385714285714286,0.94,0.94,102,45,5,1,49
Moons 2D Overlap,8,0.1,0.9,2000,32,7,0.9457142857142857,0.955,0.94,281,42,3,3,52
Moons 2D Overlap,8,0.1,0.9,2000,32,8,0.9357142857142857,0.935,0.96,36,55,2,2,41
Moons 2D Overlap,8,0.1,0.9,2000,32,9,0.9371428571428572,0.94,0.94,81,46,2,4,48
Moons 2D Overlap,8,0.1,0.9,2000,32,10,0.95,0.95,0.91,134,52,1,8,39
Moons 2D Overlap,8,0.1,0.9,2000,32,11,0.9314285714285714,0.96,0.95,102,51,1,4,44
Moons 2D Overlap,8,0.1,0.9,2000,32,12,0.9471428571428572,0.945,0.96,61,46,3,1,50
Moons 2D Overlap,8,0.1,0.9,2000,32,13,0.9414285714285714,0.955,0.92,72,50,4,4,42
Moons 2D Overlap,8,0.1,0.9,2000,32,14,0.9457142857142857,0.945,0.93,162,46,5,2,47
Moons 2D Overlap,8,0.1,0.9,2000,32,15,0.9485714285714286,0.925,0.95,46,54,3,2,41
Moons 2D Overlap,8,0.1,0.9,2000,32,16,0.9457142857142857,0.915,0.93,33,40,4,3,53
Moons 2D Overlap,8,0.1,0.9,2000,32,17,0.96,0.925,0.95,75,46,2,3,49
Moons 2D Overlap,8,0.1,0.9,2000,32,18,0.9457142857142857,0.945,0.93,113,43,3,4,50
Moons 2D Overlap,8,0.1,0.9,2000,32,19,0.9514285714285714,0.945,0.96,390,47,0,4,49
Moons 2D Overlap,8,0.1,0.9,2000,32,20,0.94,0.965,0.93,138,36,2,5,57
Moons 2D Overlap,8,0.1,0.9,2000,32,21,0.9442857142857143,0.935,0.97,84,52,1,2,45
Moons 2D Overlap,8,0.1,0.9,2000,32,22,0.95,0.925,0.93,63,46,2,5,47
Moons 2D Overlap,8,0.1,0.9,2000,32,23,0.9457142857142857,0.94,0.94,28,50,3,3,44
Moons 2D Overlap,8,0.1,0.9,2000,32,24,0.9457142857142857,0.93,0.94,49,51,2,4,43
Moons 2D Overlap,8,0.1,0.9,2000,32,25,0.9485714285714286,0.94,0.97,49,58,2,1,39
Moons 2D Overlap,8,0.1,0.9,2000,32,26,0.9371428571428572,0.945,0.98,51,44,0,2,54
Moons 2D Overlap,8,0.1,0.9,2000,32,27,0.9457142857142857,0.96,0.94,61,43,1,5,51
Moons 2D Overlap,8,0.1,0.9,2000,32,28,0.9428571428571428,0.96,0.91,266,35,3,6,56
Moons 2D Overlap,8,0.1,0.9,2000,32,29,0.9457142857142857,0.945,0.92,292,45,2,6,47
Moons 2D Overlap,8,0.1,0.9,2000,32,30,0.9457142857142857,0.935,0.92,90,50,4,4,42
Moons 2D Overlap,8,0.1,0.9,2000,32,31,0.9428571428571428,0.955,0.94,39,44,3,3,50
Moons 2D Overlap,8,0.1,0.9,2000,32,32,0.9542857142857143,0.94,0.93,1126,44,2,5,49
Moons 2D Overlap,8,0.1,0.9,2000,32,33,0.9371428571428572,0.935,0.91,27,41,3,6,50
Moons 2D Overlap,8,0.1,0.9,2000,32,34,0.9485714285714286,0.96,0.94,495,49,2,4,45
Moons 2D Overlap,8,0.1,0.9,2000,32,35,0.9428571428571428,0.975,0.95,410,41,3,2,54
Moons 2D Overlap,8,0.1,0.9,2000,32,36,0.9471428571428572,0.95,0.96,247,47,2,2,49
Moons 2D Overlap,8,0.1,0.9,2000,32,37,0.9485714285714286,0.95,0.94,134,46,1,5,48
Moons 2D Overlap,8,0.1,0.9,2000,32,38,0.9542857142857143,0.94,0.94,167,48,1,5,46
Moons 2D Overlap,8,0.1,0.9,2000,32,39,0.9557142857142857,0.95,0.92,701,36,5,3,56
Moons 2D Overlap,8,0.1,0.9,2000,32,40,0.95,0.945,0.92,148,45,4,4,47
Moons 2D Overlap,8,0.1,0.9,2000,32,41,0.9342857142857143,0.94,0.9,22,44,5,5,46
Moons 2D Overlap,8,0.1,0.9,2000,32,42,0.9557142857142857,0.925,0.92,38,40,6,2,52
Moons 2D Overlap,8,0.1,0.9,2000,32,43,0.9371428571428572,0.94,0.96,106,54,4,0,42
Moons 2D Overlap,8,0.1,0.9,2000,32,44,0.9471428571428572,0.95,0.96,306,48,1,3,48
Moons 2D Overlap,8,0.1,0.9,2000,32,45,0.95,0.95,0.97,73,45,1,2,52
Moons 2D Overlap,8,0.1,0.9,2000,32,46,0.9471428571428572,0.94,0.97,70,51,2,1,46
Moons 2D Overlap,8,0.1,0.9,2000,32,47,0.9385714285714286,0.965,0.95,40,44,2,3,51
Moons 2D Overlap,8,0.1,0.9,2000,32,48,0.94,0.955,0.92,61,49,5,3,43
Moons 2D Overlap,8,0.1,0.9,2000,32,49,0.9371428571428572,0.945,0.94,39,43,3,3,51
Moons 2D Overlap,0,0.1,0.9,2000,32,0,0.8471428571428572,0.895,0.96,2,50,4,0,46
Moons 2D Overlap,0,0.1,0.9,2000,32,1,0.8728571428571429,0.855,0.82,1804,33,4,14,49
Moons 2D Overlap,0,0.1,0.9,2000,32,2,0.86,0.875,0.85,1394,45,7,8,40
Moons 2D Overlap,0,0.1,0.9,2000,32,3,0.8657142857142858,0.875,0.81,455,37,6,13,44
Moons 2D Overlap,0,0.1,0.9,2000,32,4,0.8542857142857143,0.865,0.93,497,41,3,4,52
Moons 2D Overlap,0,0.1,0.9,2000,32,5,0.8628571428571429,0.855,0.89,958,44,4,7,45
Moons 2D Overlap,0,0.1,0.9,2000,32,6,0.8514285714285714,0.87,0.93,1,48,2,5,45
Moons 2D Overlap,0,0.1,0.9,2000,32,7,0.8714285714285714,0.815,0.94,751,41,4,2,53
Moons 2D Overlap,0,0.1,0.9,2000,32,8,0.8514285714285714,0.875,0.93,354,52,5,2,41
Moons 2D Overlap,0,0.1,0.9,2000,32,9,0.8471428571428572,0.89,0.88,1,44,4,8,44
Moons 2D Overlap,0,0.1,0.9,2000,32,10,0.8671428571428571,0.86,0.81,1,45,8,11,36
Moons 2D Overlap,0,0.1,0.9,2000,32,11,0.8671428571428571,0.855,0.85,377,47,5,10,38
Moons 2D Overlap,0,0.1,0.9,2000,32,12,0.8585714285714285,0.875,0.88,1281,43,6,6,45
Moons 2D Overlap,0,0.1,0.9,2000,32,13,0.8657142857142858,0.875,0.84,1570,46,8,8,38
Moons 2D Overlap,0,0.1,0.9,2000,32,14,0.8671428571428571,0.885,0.82,1322,41,10,8,41
Moons 2D Overlap,0,0.1,0.9,2000,32,15,0.8642857142857143,0.87,0.87,372,47,10,3,40
Moons 2D Overlap,0,0.1,0.9,2000,32,16,0.8671428571428571,0.855,0.88,999,36,8,4,52
Moons 2D Overlap,0,0.1,0.9,2000,32,17,0.8685714285714285,0.85,0.84,936,40,8,8,44
Moons 2D Overlap,0,0.1,0.9,2000,32,18,0.86,0.875,0.86,476,41,5,9,45
Moons 2D Overlap,0,0.1,0.9,2000,32,19,0.87,0.87,0.79,296,43,4,17,36
Moons 2D Overlap,0,0.1,0.9,2000,32,20,0.8585714285714285,0.875,0.83,775,30,8,9,53
Moons 2D Overlap,0,0.1,0.9,2000,32,21,0.8714285714285714,0.855,0.84,1577,44,9,7,40
Moons 2D Overlap,0,0.1,0.9,2000,32,22,0.8771428571428571,0.845,0.83,1561,41,7,10,42
Moons 2D Overlap,0,0.1,0.9,2000,32,23,0.8614285714285714,0.86,0.88,599,50,3,9,38
Moons 2D Overlap,0,0.1,0.9,2000,32,24,0.8614285714285714,0.875,0.86,782,48,5,9,38
Moons 2D Overlap,0,0.1,0.9,2000,32,25,0.8557142857142858,0.86,0.96,1167,57,3,1,39
Moons 2D Overlap,0,0.1,0.9,2000,32,26,0.86,0.85,0.91,1622,42,2,7,49
Moons 2D Overlap,0,0.1,0.9,2000,32,27,0.8585714285714285,0.875,0.88,3,41,3,9,47
Moons 2D Overlap,0,0.1,0.9,2000,32,28,0.8642857142857143,0.885,0.85,3,30,8,7,55
Moons 2D Overlap,0,0.1,0.9,2000,32,29,0.8642857142857143,0.87,0.88,1363,41,6,6,47
Moons 2D Overlap,0,0.1,0.9,2000,32,30,0.86,0.865,0.88,145,47,7,5,41
Moons 2D Overlap,0,0.1,0.9,2000,32,31,0.8671428571428571,0.85,0.85,1149,41,6,9,44
Moons 2D Overlap,0,0.1,0.9,2000,32,32,0.8628571428571429,0.865,0.85,1868,42,4,11,43
Moons 2D Overlap,0,0.1,0.9,2000,32,33,0.8657142857142858,0.865,0.85,788,38,6,9,47
Moons 2D Overlap,0,0.1,0.9,2000,32,34,0.8671428571428571,0.86,0.83,1875,41,10,7,42
Moons 2D Overlap,0,0.1,0.9,2000,32,35,0.8571428571428571,0.885,0.86,937,39,5,9,47
Moons 2D Overlap,0,0.1,0.9,2000,32,36,0.8585714285714285,0.88,0.87,3,45,4,9,42
Moons 2D Overlap,0,0.1,0.9,2000,32,37,0.8714285714285714,0.855,0.82,685,39,8,10,43
Moons 2D Overlap,0,0.1,0.9,2000,32,38,0.8742857142857143,0.815,0.81,1,41,8,11,40
Moons 2D Overlap,0,0.1,0.9,2000,32,39,0.8671428571428571,0.84,0.88,145,37,4,8,51
Moons 2D Overlap,0,0.1,0.9,2000,32,40,0.8685714285714285,0.845,0.87,1650,40,9,4,47
Moons 2D Overlap,0,0.1,0.9,2000,32,41,0.8614285714285714,0.875,0.83,1,41,8,9,42
Moons 2D Overlap,0,0.1,0.9,2000,32,42,0.87,0.86,0.83,269,35,11,6,48
Moons 2D Overlap,0,0.1,0.9,2000,32,43,0.8828571428571429,0.845,0.8,1184,43,15,5,37
Moons 2D Overlap,0,0.1,0.9,2000,32,44,0.8542857142857143,0.905,0.85,1147,45,4,11,40
Moons 2D Overlap,0,0.1,0.9,2000,32,45,0.8657142857142858,0.86,0.84,160,41,5,11,43
Moons 2D Overlap,0,0.1,0.9,2000,32,46,0.8628571428571429,0.85,0.91,709,48,5,4,43
Moons 2D Overlap,0,0.1,0.9,2000,32,47,0.86,0.875,0.87,182,42,4,9,45
Moons 2D Overlap,0,0.1,0.9,2000,32,48,0.8671428571428571,0.875,0.84,23,45,9,7,39
Moons 2D Overlap,0,0.1,0.9,2000,32,49,0.8642857142857143,0.875,0.85,941,39,7,8,46
