dataset,hidden,runs,train_mean,train_std,val_mean,val_std,test_mean,test_std,best_epoch_mean
Gaussian 2D Narrow,0,50,1.0,0.0,0.998,0.007,0.996,0.014,1663.6
Gaussian 2D Narrow,8,50,1.0,0.0,0.997,0.008,0.994,0.016,1103.2
Gaussian 2D Overlap,0,50,0.927,0.013,0.932,0.037,0.918,0.055,351.1
Gaussian 2D Overlap,8,50,0.94,0.02,0.944,0.037,0.916,0.062,335.6
Gaussian 2D Wide,0,50,1.0,0.0,1.0,0.0,1.0,0.0,1991.8
Gaussian 2D Wide,8,50,1.0,0.0,1.0,0.0,1.0,0.0,1921.0
Gaussian 3D Narrow,0,50,1.0,0.0,0.995,0.013,0.997,0.012,1448.1
Gaussian 3D Narrow,8,50,1.0,0.001,0.995,0.014,0.996,0.017,1323.1
Gaussian 3D Overlap,0,50,0.963,0.011,0.96,0.03,0.962,0.041,470.2
Gaussian 3D Overlap,8,50,0.968,0.014,0.963,0.03,0.954,0.045,162.3
Gaussian 3D Wide,0,50,1.0,0.0,1.0,0.0,1.0,0.0,1988.5
Gaussian 3D Wide,8,50,1.0,0.0,1.0,0.0,1.0,0.0,1924.5
Moons 2D Narrow,0,50,0.877,0.008,0.879,0.017,0.874,0.036,789.5
Moons 2D Narrow,8,50,1.0,0.001,0.996,0.004,0.998,0.004,699.8
Moons 2D Overlap,0,50,0.864,0.007,0.865,0.017,0.862,0.04,743.2
Moons 2D Overlap,8,50,0.945,0.006,0.944,0.012,0.94,0.02,161.1
Moons 2D Wide,0,50,0.88,0.007,0.881,0.016,0.877,0.034,759.3
Moons 2D Wide,8,50,1.0,0.0,0.999,0.002,1.0,0.0,1559.2
